TYPE,SITE_NO,SITE_NAME,ADDRESS,HERITAGE_NEIGHBOURHOOD,REGISTER_RESOLUTION_DATE,HERITAGE_REGISTER_AMENDED,HERITAGE_VALUE,WEBLINK,Latitude,Longitude
Registered and Protected,160,McKettrick House,15250 54A Avenue,Kensington Prairie,20001204,No,Architectural,http://www.surrey.ca/city-services/3279.aspx,49.101266,-122.799569
Registered,156,James William White House,5962 180 Street,Cloverdale,19980615,No,Architectural,http://www.surrey.ca/city-services/3363.aspx,49.110725,-122.723151
Registered,172,Hall’s Prairie Elementary School (South Building),18035  8 Avenue,Hazelmere,20001204,No,Historical,http://www.surrey.ca/city-services/3428.aspx,49.017109,-122.723289
Registered,49,Highway Garage,5723 176 Street,Cloverdale,19981102,No,Historical,http://www.surrey.ca/city-services/3252.aspx,49.106424,-122.735219
Registered and Protected,163,Kensington Prairie Elementary School,16824 32 Avenue,Kensington Prairie,20001204,No,"Architectural, Historical",http://www.surrey.ca/city-services/3414.aspx,49.059957,-122.755636
Registered,154,Dr. Sinclair House,17725 58A Avenue,Cloverdale,20001002,No,"Architectural, Historical",http://www.surrey.ca/city-services/3281.aspx,49.108899,-122.731462
Registered,36,Mound Farm - Bion Smith House,5202 168 Street,Cloverdale,19981102,No,"Architectural, Historical",http://www.surrey.ca/city-services/3377.aspx,49.097480,-122.746463
Registered,34,Mound Farm - George Snow House,5202 168 Street,Cloverdale,19981102,Yes,Architectural,http://www.surrey.ca/city-services/3382.aspx,49.096843,-122.746402
Registered,211,Mound Farm Park,5201 168 Street,Cloverdale,20040112,No,Environmental,http://www.surrey.ca/city-services/3267.aspx,49.098563,-122.746093
Registered,89,Mud Bay School House,4382 King George Highway,Mud Bay,19981102,No,Historical,http://www.surrey.ca/city-services/3315.aspx,49.081681,-122.820037
Registered,143,Ferguson House,14048 113A Avenue,Port Mann,19981102,No,Architectural,http://www.surrey.ca/city-services/3250.aspx,49.208412,-122.832759
Registered,212,Green Timbers -  Inaugural Plantation,14255 96 Ave,Green Timbers,20040112,No,"Historical, Environmental",http://www.surrey.ca/city-services/3409.aspx,49.177576,-122.827719
Registered,134,Olsen House,10979 Olsen Road,South Westminster,19981102,No,"Architectural, Historical",http://www.surrey.ca/city-services/3224.aspx,49.202123,-122.891529
Registered,40,Heppell Family House,4945 184 Street,Cloverdale,19981102,No,Architectural,http://www.surrey.ca/city-services/3312.aspx,49.092199,-122.713403
Registered,177,Lee House,13971 Crescent Road,Elgin,20001204,No,"Architectural, Historical",http://www.surrey.ca/city-services/3211.aspx,49.067488,-122.835149
Registered,190,Swanson House,6571 King George Highway,Newton,20001204,No,"Architectural, Historical",http://www.surrey.ca/city-services/3244.aspx,49.121994,-122.846112
Registered,118,House (Tynehead),8897 168 Street,Tynehead,19981102,No,"Architectural, Historical",http://www.surrey.ca/city-services/3276.aspx,49.164751,-122.758069
Registered,201,Fleetwood Memorial United Church,8590 160 Street,Fleetwood,20001204,No,"Historical, Cultural",http://www.surrey.ca/city-services/3401.aspx,49.158841,-122.778263
Registered,185,Lamb House,2688 McBride Avenue,Crescent Beach,20001204,No,"Architectural, Historical",http://www.surrey.ca/city-services/3216.aspx,49.051774,-122.883369
Registered,123,Hillside Farm - Small Gambrel Barn,6821 176 Street,Clayton,19981102,No,"Architectural, Historical",http://www.surrey.ca/city-services/3403.aspx,49.127386,-122.736112
Registered and Protected,7,Elgin School (Elgin Centre),3530 144 Street,Elgin,19970603,No,Historical,http://www.surrey.ca/city-services/3375.aspx,49.066161,-122.822301
Registered,70,Bailey House,2409 Christopherson Road,Crescent Beach,19981102,No,"Architectural, Historical",http://www.surrey.ca/city-services/3228.aspx,49.046034,-122.882979
Registered,183,Neville R. Preston House,2878 O’Hara Lane,Crescent Beach,20001204,No,"Architectural, Historical",http://www.surrey.ca/city-services/3352.aspx,49.054820,-122.886139
Registered,54,Nicholas/David Kitzel House,216 184 Street,Hazelmere,19981102,No,"Architectural, Historical",http://www.surrey.ca/city-services/3378.aspx,49.006168,-122.713298
Registered,127,Smith Farm - Milk Shed,16927 66 Avenue,Clayton,19981102,No,Historical,http://www.surrey.ca/city-services/3320.aspx,49.122956,-122.753324
Registered and Protected,67,Ocean Park Community Hall,1577 128 Street,Ocean Park,19981102,No,"Architectural, Historical, Cultural",http://www.surrey.ca/city-services/3364.aspx,49.030860,-122.867751
Registered and Protected,21,Old Anniedale School,9744 176 Street,Anniedale,19970603,No,Historical,http://www.surrey.ca/city-services/3317.aspx,49.179919,-122.733663
Registered,229,Pacific Highway (Stone Marker),176 Street and Highway 10,Cloverdale,20060911,No,Significant Transportation Corridor,http://www.surrey.ca/city-services/3395.aspx,49.104310,-122.735145
Registered,213,Peace Arch,Canada-USA Border Crossing at Highway No. 99,Douglas,20040112,No,"Historical, Architectural",http://www.surrey.ca/city-services/3218.aspx,49.002113,-122.756523
Registered,223,Brownsville Park and Sandbar,1100 Block of Portage Road,South Westminster,20040112,No,"Historical, Cultural",http://www.surrey.ca/city-services/3380.aspx,49.205237,-122.891584
Registered,248,Port Kells Park,19340 88 Ave,Port Kells,20060911,,Historical Environmental,http://www.surrey.ca/city-services/3268.aspx,49.162658,-122.687227
Registered and Protected,145,Roll’s Carpenter Shop,13946 Fraser Highway,Whalley,19981102,No,Architectural,http://www.surrey.ca/city-services/3319.aspx,49.179141,-122.836132
Registered,71,Canon William Holdom House,12644 28 Avenue,Crescent Beach,19981102,No,"Architectural, Historical",http://www.surrey.ca/city-services/3370.aspx,49.052829,-122.871664
Registered,73,Church of the Ascension Anglican,2770 McKenzie Avenue,Crescent Beach,19981102,No,Architectural Historical,http://www.surrey.ca/city-services/3400.aspx,49.052997,-122.882557
Registered and Protected,8,1881 Town Hall,17635 60 Avenue,Cloverdale,19970603,No,Historical,http://www.surrey.ca/city-services/3245.aspx,49.111717,-122.734292
Registered and Protected,194,Christ Church Cemetery,16591 Bell Road and 16631 Old McLellan Road,Surrey Centre,19970603,No,"Historical, Cultural",http://www.surrey.ca/city-services/3333.aspx,49.108777,-122.761660
Registered and Protected,31,Cloverdale United Church,17553 58A Avenue,Cloverdale,19981102,No,Architectural,http://www.surrey.ca/city-services/3356.aspx,49.109034,-122.736445
Registered,241,Peace Arch Tea Room,Hwy 99 and 1 Ave,Douglas,20060911,No,Historical Architectural,http://www.surrey.ca/city-services/3421.aspx,49.003911,-122.758148
Registered,,Rickshaw sign,10522 King George Boulevard,Whalley,20160411,,,,49.193549,-122.845085
Registered,182,Welsh House,2566 Maple Street,Crescent Beach,20001204,No,"Architectural, Historical",http://www.surrey.ca/city-services/3226.aspx,49.049521,-122.883750
Registered,45,Robert D. MacKenzie House (1922),5634 182 Street,Cloverdale,19981102,No,"Architectural, Historical",http://www.surrey.ca/city-services/3398.aspx,49.104761,-122.717930
Registered,150,Port Kells Post Office,8764 Harvie Road,Port Kells,19981102,No,Historical,http://www.surrey.ca/city-services/3338.aspx,49.162185,-122.699473
Registered and Protected,9,Pillath House,11113 148 Street,Port Mann,19970603,No,"Architectural, Historical",http://www.surrey.ca/city-services/3243.aspx,49.204459,-122.813203
Registered,80,"Camp Alexandra Nursery - ""Wigwam""",2916 McBride Avenue,Crescent Beach,19981102,No,"Architectural, Historical",http://www.surrey.ca/city-services/3388.aspx,49.055625,-122.885143
Registered,235,Cloverdale Hotel,5733 176 St,Cloverdale,20060911,No,Historical Architectural,http://www.surrey.ca/city-services/3273.aspx,49.106565,-122.735228
Registered,79,"Camp Alexandra Recreation Hall - ""Alexandra Hall""",2916 McBride Avenue,Crescent Beach,19981102,No,"Architectural, Historical",http://www.surrey.ca/city-services/3427.aspx,49.055338,-122.884593
Registered and Protected,2,1912 Municipal Hall,17671 56 Avenue,Cloverdale,19970603,No,"Architectural, Historical",http://www.surrey.ca/city-services/3295.aspx,49.104482,-122.733148
Registered and Protected,23,Avenue of Trees,North side of Old McLellan Road between Bell Road and Christ Church,Surrey Centre,19970603,No,"Cultural, Natural",http://www.surrey.ca/city-services/3259.aspx,49.108458,-122.761686
Registered,175,Larsen Garage,3071 176 Street,Grandview Heights,20001204,No,Historical,http://www.surrey.ca/city-services/3241.aspx,49.057936,-122.735620
Registered,124,Smith Farmhouse,16913 66 Avenue,Clayton,19981102,No,"Architectural, Historical",http://www.surrey.ca/city-services/3271.aspx,49.122805,-122.753454
Registered,78,"Camp Alexandra Dining Hall - ""The Lodge""",2916 McBride Avenue,Crescent Beach,19981102,No,"Architectural, Historical",http://www.surrey.ca/city-services/3413.aspx,49.055482,-122.884992
Registered and Protected,5,Christ Church,16631 Old McLellan Road,Surrey Centre,19970603,No,"Architectural, Historical",http://www.surrey.ca/city-services/3239.aspx,49.108732,-122.761465
Registered,198,Bolivar Barn,7412 192 Street,Clayton,20001204,No,"Architectural, Historical",http://www.surrey.ca/city-services/3229.aspx,49.137531,-122.689002
Registered and Protected,169,Brooksdale Estate - Caretaker's Cottage,1620 192,Hazelmere,20001204,No,"Architectural, Historical",http://www.surrey.ca/city-services/3372.aspx,49.032342,-122.687702
Registered and Protected,28,Boothroyd House,16811 60 Avenue,Surrey Centre,19970714,No,"Architectural, Historical",http://www.surrey.ca/city-services/3260.aspx,49.111809,-122.756376
Registered and Protected,64,Charles Feedham House,14040 32 Avenue,Elgin,19981102,No,Architectural,http://www.surrey.ca/city-services/3322.aspx,49.059933,-122.833074
Registered,,Verna Porter Residence,13539 16 Avenue,Ocean Park,20161121,,"Architectural, Historical",http://www.surrey.ca/city-services/21669.aspx,49.031623,-122.847154
Registered,,Lambert Residence,16544 10 Avenue,Douglas,20170206,,Architectural,http://www.surrey.ca/culture-recreation/22559.aspx,49.019427,-122.764401
Registered and Protected,138,James Creighton House,10668 125B Street,South Westminster,19981102,No,"Architectural, Historical",http://www.surrey.ca/city-services/3325.aspx,49.196688,-122.873376
Registered and Protected,68,John Horner House,12645 14B Avenue,Ocean Park,19981102,No,Architectural,http://www.surrey.ca/city-services/3284.aspx,49.029378,-122.871558
Registered and Protected,153,Anderson Cabin,17710 56A Avenue,Cloverdale,,,Historical,http://www.surrey.ca/city-services/3246.aspx,49.104886,-122.732081
Registered,184,William J. Whiteside House,2654 McBride Avenue,Crescent Beach,20001204,No,"Architectural, Historical",http://www.surrey.ca/city-services/3369.aspx,49.051162,-122.883014
Registered,106,John Lamb House,5909 168 Street,Surrey Centre,19981102,No,Architectural,http://www.surrey.ca/city-services/3265.aspx,49.109936,-122.756969
Registered and Protected,206,Port Kells Fire Hall No. 7,18922 88 Avenue,Port Kells,20001204,No,Historical,http://www.surrey.ca/city-services/3365.aspx,49.162581,-122.698147
Registered and Protected,167,Brooksdale Estate - Coach House,1620 192,Hazelmere,20001204,No,"Architectural, Historical",http://www.surrey.ca/city-services/3373.aspx,49.032676,-122.688661
Registered,92,Christopher Brown House,5377 Coulthard Place,Panorama Ridge,19981102,No,"Architectural, Historical",http://www.surrey.ca/city-services/3345.aspx,49.100744,-122.860278
Registered and Protected,151,Colebrook United Church,5441 125A Street,Panorama Ridge,20000417,No,Architectural,http://www.surrey.ca/city-services/3346.aspx,49.101446,-122.874969
Registered and Protected,168,Brooksdale Estate - Main House,1620 192,Hazelmere,20001204,No,"Architectural, Historical",http://www.surrey.ca/city-services/3387.aspx,49.032563,-122.686936
Registered and Protected,77,Cobblestones,2854 O’Hara Lane,Crescent Beach,19981102,No,Architectural,http://www.surrey.ca/city-services/3222.aspx,49.054417,-122.885930
Registered and Protected,50,Cecil Heppell House,5818 182 Street,Cloverdale,19981102,No,"Architectural, Historical",http://www.surrey.ca/city-services/3299.aspx,49.108106,-122.717979
Registered,111,Burkart House,13483 72 Avenue,Newton,19981102,No,Architectural,http://www.surrey.ca/city-services/3238.aspx,49.133818,-122.848831
Registered and Protected,51,Collishaw House,16520 40 Avenue,Kensington Prairie,19981102,No,"Architectural, Historical",http://www.surrey.ca/city-services/3261.aspx,49.074601,-122.764529
Registered,48,Bank of Montreal,5679/5681 176 Street,Cloverdale,19981102,No,"Architectural, Historical",http://www.surrey.ca/city-services/3272.aspx,49.105523,-122.735195
Registered,120,Clayton United Church,7027 184 Street,Clayton,19981102,No,Architectural,http://www.surrey.ca/city-services/3323.aspx,49.130030,-122.712836
Registered,63,Billy Hadden House,3652 Elgin Road,Elgin,19981102,No,Architectural,http://www.surrey.ca/city-services/3291.aspx,49.068446,-122.824857
Registered and Protected,12,Stewart Farmhouse,13723  Crescent Road,Crescent Beach,19970603,No,"Architectural, Historical",http://www.surrey.ca/city-services/3287.aspx,49.065043,-122.842005
Registered and Protected,13,Stewart Farm -Pole Barn,13723 Crescent Road,Crescent Beach,19970603,No,Historical,http://www.surrey.ca/city-services/3340.aspx,49.065136,-122.841211
Registered and Protected,14,Stewart Farm -Threshing Machine Shed,13723 Crescent Road,Crescent Beach,19970603,No,Historical,http://www.surrey.ca/city-services/3412.aspx,49.064653,-122.842320
Registered and Protected,15,Stewart Farm -Bunkhouse,13723 Crescent Road,Crescent Beach,19970603,No,Historical,http://www.surrey.ca/city-services/3339.aspx,49.064726,-122.842868
Registered and Protected,17,Stewart Farm -Machine Shed,13723 Crescent Road,Crescent Beach,19970603,No,Historical,http://www.surrey.ca/city-services/3366.aspx,49.064940,-122.842444
Registered and Protected,18,Stewart Farm -Woodshed,13723 Crescent Road,Crescent Beach,19970603,No,Historical,http://www.surrey.ca/city-services/3330.aspx,49.065336,-122.842056
Registered and Protected,19,Stewart Farm -Garage,13723 Crescent Road,Crescent Beach,19970603,No,Historical,http://www.surrey.ca/city-services/3307.aspx,49.065284,-122.841744
Registered and Protected,20,Red Cedar Stump,8920 Queen Mary Boulevard,Kennedy,19970603,No,"Cultural, Natural",http://www.surrey.ca/city-services/3269.aspx,49.164820,-122.862276
Registered,195,Calkins House & Store,18394 Fraser Highway,Clayton,20001204,No,Historical,http://www.surrey.ca/city-services/3343.aspx,49.128614,-122.713163
Registered,205,Church Manse,19131 88 Avenue,Port Kells,20001204,,Historical,http://www.surrey.ca/city-services/3230.aspx,49.163215,-122.692451
Registered,199,Clayton Elementary School,7541 184 Street,Clayton,20001204,No,Historical,http://www.surrey.ca/city-services/3361.aspx,49.139461,-122.712856
Registered,187,Stuart House,2711 McKenzie Avenue,Crescent Beach,20001204,No,"Architectural, Historical",http://www.surrey.ca/city-services/3236.aspx,49.052030,-122.882730
Registered,164,Log Houses,19518 32 Avenue,Hazelmere,20001204,No,Architectural,http://www.surrey.ca/city-services/3217.aspx,49.059771,-122.682780
Registered and Protected,62,Daniel Johnson House,13951 Crescent Road,Elgin,19981102,No,"Architectural, Historical",http://www.surrey.ca/city-services/3310.aspx,49.068011,-122.835815
Registered,114,House (Kennedy),13514 88A Avenue,Kennedy,19981102,No,Architectural,http://www.surrey.ca/city-services/3262.aspx,49.163971,-122.848311
Registered and Protected,96,Bose Farm - Henry Bose Farmhouse,16430 64 Avenue,Surrey Centre,19981102,No,"Architectural, Historical",http://www.surrey.ca/city-services/3391.aspx,49.118733,-122.766105
Registered and Protected,101,Bose Farm - Shed,16420 64 Avenue,Surrey Centre,19981102,No,Historical,http://www.surrey.ca/city-services/3247.aspx,49.118607,-122.766103
Registered,231,Green Timbers - Cape Cod (Forestry) Building,14266 96 Ave,Green Timbers,20060724,No,"Historical, Environmental",http://www.surrey.ca/city-services/3424.aspx,49.179039,-122.830216
Registered,181,Brynjolfson Residence,12876 Crescent Road,Crescent Beach,20001204,No,Architectural,http://www.surrey.ca/city-services/3251.aspx,49.053121,-122.865228
Registered and Protected,109,W. Gillis House,6165 152 Street,Sullivan,19981102,No,Architectural Historical,http://www.surrey.ca/city-services/3257.aspx,49.114791,-122.801497
Registered,82,"Camp Alexandra Daycare Dormitory ""C""",2916 McBride Avenue,Crescent Beach,19981102,No,Architectural,http://www.surrey.ca/city-services/3408.aspx,49.055167,-122.884214
Registered,219,Centennial Totem Pole,14245 56 Avenue,Panorama Ridge,20040112,No,"Cultural, Native",http://www.surrey.ca/city-services/3321.aspx,49.105135,-122.826080
Registered,155,Cloverdale Elementary School,17857 56 Avenue,Cloverdale,20001204,No,"Architectural, Historical",http://www.surrey.ca/city-services/3381.aspx,49.104601,-122.727921
Registered,81,"Camp Alexandra Dormitory ""A"" - ""The Stage House""",2916 McBride Avenue,Crescent Beach,19981102,No,"Architectural, Historical",http://www.surrey.ca/city-services/3423.aspx,49.055436,-122.884768
Registered,215,Lorne Circus,"Traffic circle at the intersection of McBride Drive, Bedford Drive and Grosvenor Road",Port Mann,20040112,No,"Historical, Educational",http://www.surrey.ca/city-services/3233.aspx,49.210000,-122.825056
Registered and Protected,22,Royal Oak Tree,"West side of Old McLellan Road, immediately north of Christ Church",Surrey Centre,19970603,No,"Cultural, Natural",http://www.surrey.ca/city-services/3254.aspx,49.109094,-122.760773
Registered and Protected,24,Robert Dougal MacKenzie House,5418 184 Street,Cloverdale,19970603,No,"Architectural, Historical",http://www.surrey.ca/city-services/3390.aspx,49.100826,-122.712249
Registered and Protected,25,Tynehead Community Hall,9568 168 Street,Tynehead,19970603,No,"Historical, Cultural",http://www.surrey.ca/city-services/3355.aspx,49.176424,-122.756241
Registered and Protected,26,St. Oswald’s Trees,190 Street and lots between 95A Avenue and 96 Avenue,Port Kells,19970603,No,"Cultural, Natural",http://www.surrey.ca/city-services/3280.aspx,49.176443,-122.695868
Registered,30,Whiteley House,18076 58 Avenue,Cloverdale,19981102,No,Architectural,http://www.surrey.ca/city-services/3258.aspx,49.107559,-122.721774
Registered and Protected,33,The Clova Theatre,5732 176 Street,Cloverdale,19981102,No,Architectural Cultural,http://www.surrey.ca/city-services/3289.aspx,49.106593,-122.734657
Registered and Protected,74,Willard Kitchen House,2590 O’Hara Lane,Crescent Beach,19981102,No,Architectural,http://www.surrey.ca/city-services/3331.aspx,49.049887,-122.883890
Registered,171,Robert Barton House,19103 8 Avenue,Hazelmere,20001204,No,"Architectural, Historical",http://www.surrey.ca/city-services/3305.aspx,49.017065,-122.693837
Registered,113,Strawberry Hill Farmers Institute,12152 75 Avenue,Strawberry Hills,19981102,No,"Historical, Cultural",http://www.surrey.ca/city-services/3407.aspx,49.139261,-122.885944
Registered,202,McCaskill House,16343 96 Avenue,Tynehead,20001204,No,Historical,http://www.surrey.ca/city-services/3266.aspx,49.177245,-122.769384
Registered,188,H.A. Eastman House,12230 Beecher Street,Crescent Beach,20001204,No,"Architectural, Historical",http://www.surrey.ca/city-services/3274.aspx,49.052456,-122.883043
Registered,86,Dunsmuir Farm - Barn,12335 Sullivan Street,Crescent Beach,19981102,No,"Architectural, Historical",http://www.surrey.ca/city-services/3293.aspx,49.055265,-122.880245
Registered,87,Dunsmuir Farm - Farm Building,12335 Sullivan Street,Crescent Beach,19981102,No,Historical,http://www.surrey.ca/city-services/3374.aspx,49.054427,-122.878675
Registered,84,Dunsmuir Farm - Main House,12335 Sullivan Street,Crescent Beach,19981102,No,Historical,http://www.surrey.ca/city-services/3357.aspx,49.054024,-122.879808
Registered,125,Smith Farm - Hatchery,16927 66 Avenue,Clayton,19981102,No,Historical,http://www.surrey.ca/city-services/3306.aspx,49.122671,-122.753131
Registered,139,Martin Wilkes House,12432 Old Yale Road,South Westminster,19981102,No,"Architectural, Historical",http://www.surrey.ca/city-services/3304.aspx,49.197050,-122.877712
Registered,76,Gilley Summer Residence,2784 O’Hara Lane,Crescent Beach,19981102,No,"Architectural, Historical",http://www.surrey.ca/city-services/3349.aspx,49.053268,-122.885297
Registered and Protected,99,Meadow Ridge Farm - Henry John Bose House,16390 64 Avenue,Surrey Centre,19981102,No,"Architectural, Historical",http://www.surrey.ca/city-services/3419.aspx,49.118644,-122.768072
Registered,233,Green Timbers - English Oaks Grove,14266 96 Ave,Green Timbers,20060724,No,"Historical, Environmental",http://www.surrey.ca/city-services/3393.aspx,49.178108,-122.833949
Registered,121,Hillside Farm - Livingston House,6821 176 Street,Clayton,19981102,No,"Architectural, Historical",http://www.surrey.ca/city-services/3394.aspx,49.126469,-122.735487
Registered,59,Harper Wellhouse,1633 184 Street,Grandview Heights,19981102,No,Architectural,http://www.surrey.ca/city-services/3275.aspx,49.031857,-122.714352
Registered,230,Green Timbers - Arboretum ,14266 96 Ave,Green Timbers,20060724,No,"Historical, Environmental",http://www.surrey.ca/city-services/3350.aspx,49.179051,-122.831786
Registered,174,East Kensington Elementary School,2795 184 Street,Grandview Heights,20001204,No,Historical,http://www.surrey.ca/city-services/3405.aspx,49.052843,-122.713946
Registered,75,Sandansea,2670 O’Hara Lane,Crescent Beach,19981102,No,"Architectural, Historical",http://www.surrey.ca/city-services/3212.aspx,49.051530,-122.884518
Registered,91,Thomas Joseph Brown House,13275 Colebrook Road,Panorama Ridge,19981102,No,"Architectural, Historical",http://www.surrey.ca/city-services/3368.aspx,49.096220,-122.854651
Registered,43,Thomas L. Lawrence House,5720 182 Street,Cloverdale,19981102,No,Architectural Historical,http://www.surrey.ca/city-services/3360.aspx,49.106317,-122.717889
Registered,52,Roper House,16044 9 Avenue,Douglas,19981102,No,Architectural,http://www.surrey.ca/city-services/3225.aspx,49.018219,-122.778068
Registered,69,T.H. Smith House,2383 Christopherson Road,Ocean Park,19981102,No,"Architectural, Historical",http://www.surrey.ca/city-services/3256.aspx,49.045532,-122.883270
Registered and Protected,108,Sullivan Community Hall,6306 152 Street,Sullivan,19981102,No,"Historical, Cultural",http://www.surrey.ca/city-services/3354.aspx,49.117266,-122.800603
Registered,128,Sunnydene Poultry Farm - House,6690 168 Street,Clayton,19981102,No,Architectural,http://www.surrey.ca/city-services/3386.aspx,49.124217,-122.755110
Registered,85,Dunsmuir Farm - Small House,12335 Sullivan Street,Crescent Beach,19981102,No,Historical,http://www.surrey.ca/city-services/3362.aspx,49.053631,-122.879630
Registered,197,Edward Armstrong Barn,7381 192 Street,Clayton,20001204,No,Historical,http://www.surrey.ca/city-services/3324.aspx,49.136996,-122.691915
Registered and Protected,27,Latimer Residence,8534 192 Street,Port Kells,19970603,No,Historical,http://www.surrey.ca/city-services/3286.aspx,49.158118,-122.690051
Registered,218,First Town Hall and school sites in Surrey Centre and Old McLellan Rd,16670 Old McLellan Road,Surrey Centre,20040112,No,Historical Cultural,http://www.surrey.ca/city-services/3431.aspx,49.109653,-122.759187
Registered,218,First Town Hall and school sites in Surrey Centre and Old McLellan Rd,16671 Old McLellan Road,Surrey Centre,20040112,No,Historical Cultural,http://www.surrey.ca/city-services/3431.aspx,49.109507,-122.760349
Registered,137,Ambler House,10650 125B Street,South Westminster,19981102,No,Architectural,http://www.surrey.ca/city-services/3227.aspx,49.196269,-122.873414
Registered,105,William Logan House,5859 168 Street,Surrey Centre,19981102,No,Architectural,http://www.surrey.ca/city-services/3308.aspx,49.108977,-122.756998
Registered,178,Saunders House,1463 126A Street,Ocean Park,20001204,No,"Architectural, Historical",http://www.surrey.ca/city-services/3255.aspx,49.028971,-122.872449
Registered,,House,13756 112 Avenue,Port Mann,20160418,,,,49.205946,-122.840927
Registered,60,Lavoi House,2987 184 Street,Grandview Heights,19981102,No,Architectural,http://www.surrey.ca/city-services/3223.aspx,49.056290,-122.714057
Registered and Protected,58,Hazelmere United Church Annex,1614 184 Street,Hazelmere,19981102,No,"Architectural, Historical",http://www.surrey.ca/city-services/3389.aspx,49.031513,-122.713053
Registered and Protected,32,Guy Richardson House,16940 Friesian Drive,Cloverdale,19981102,No,"Architectural, Historical",http://www.surrey.ca/city-services/3311.aspx,49.106572,-122.754422
Registered,39,Fabian Hugh House,17365 60 Avenue,Cloverdale,19981102,No,"Architectural, Historical",http://www.surrey.ca/city-services/3282.aspx,49.111801,-122.741376
Registered,90,Joseph Thompson Brown House,12745 Southridge Drive,Panorama Ridge,19981102,No,"Architectural, Historical",http://www.surrey.ca/city-services/3376.aspx,49.099014,-122.869662
Registered and Protected,98,Meadow Ridge Farm - Dairy Building,16390 64 Avenue,Surrey Centre,19981102,No,Architectural,http://www.surrey.ca/city-services/3404.aspx,49.118501,-122.769500
Registered,122,Hillside Farm - Large Gambrel Barn,6821 176 Street,Clayton,19981102,No,"Architectural, Historical",http://www.surrey.ca/city-services/3402.aspx,49.127392,-122.735667
Registered,144,St. Mary’s Ukrainian Greek Orthodox Church,10765 135A Street,Whalley,19981102,No,Architectural,http://www.surrey.ca/city-services/3411.aspx,49.198313,-122.847569
Registered,136,St. Helen's Anglican Church Rectory,10787 128 Street,South Westminster,19981102,No,"Architectural, Historical",http://www.surrey.ca/city-services/3406.aspx,49.198770,-122.868140
Registered and Protected,147,The “Castle” - Baron von Mackensen House,9568 192 Street,Port Kells,19981102,No,"Architectural, Historical",http://www.surrey.ca/city-services/3415.aspx,49.176357,-122.690129
Registered,159,Samuel Howard Shannon House,5569 181A Street,Cloverdale,20001204,No,"Architectural, Historical",http://www.surrey.ca/city-services/3379.aspx,49.103794,-122.719871
Registered,142,Reverend Thomas Haddon House,14040 113A Avenue,Port Mann,19981102,No,Architectural,http://www.surrey.ca/city-services/3384.aspx,49.208416,-122.833039
Registered,170,Shields-Stewart House,1578 176 Street,Hazelmere,20001204,No,Historical,http://www.surrey.ca/city-services/3328.aspx,49.030812,-122.734373
Registered,141,Sandell Grocery Store,11409 128 Street,South Westminster,19981102,No,"Architectural, Historical",http://www.surrey.ca/city-services/3327.aspx,49.209949,-122.867652
Registered,162,J.C.S. MacKenzie House,4252 184 Street,Kensington Prairie,20001204,No,"Architectural, Historical",http://www.surrey.ca/city-services/3303.aspx,49.079171,-122.712532
Registered and Protected,196,George E. Lawrence House,18431 Fraser Highway,Clayton,19980316,No,"Architectural, Historical",http://www.surrey.ca/city-services/3348.aspx,49.128688,-122.711826
Registered and Protected,152,George Rankin House,14805 57 Avenue,Panorama Ridge,20000501,No,"Architectural, Historical",http://www.surrey.ca/city-services/3301.aspx,49.106676,-122.811929
Registered,115,Kennedy Community Hall,8870 120 Street,Kennedy,19981102,No,"Architectural, Historical, Cultural",http://www.surrey.ca/city-services/3335.aspx,49.164437,-122.889993
Registered,41,Hycrest Nursery Barn,4947 192 Street,Cloverdale,19981102,No,"Architectural, Historical",http://www.surrey.ca/city-services/3313.aspx,49.091519,-122.691392
Registered,57,House (Hazelmere),18620 16 Avenue,Hazelmere,19981102,,Architectural,http://www.surrey.ca/city-services/3283.aspx,49.030564,-122.707335
Registered,65,Anderson Farmhouse,3082 Semiahmoo Trail,Elgin,19981102,No,Architectural,http://www.surrey.ca/city-services/3290.aspx,49.058156,-122.814907
Registered and Protected,133,Arthur Hedley House,11927 96A Avenue,Royal Heights,19981102,No,Architectural,http://www.surrey.ca/city-services/3296.aspx,49.178365,-122.892188
Registered,55,David Kitzel Root House,216 184 Street,Hazelmere,19981102,No,Historical,http://www.surrey.ca/city-services/3347.aspx,49.006309,-122.713256
Registered and Protected,4,Hazelmere United Church,1614 184 Street,Hazelmere,19970603,No,"Architectural, Historical",http://www.surrey.ca/city-services/3351.aspx,49.031412,-122.713056
Registered,88,John Weaver House,13180 40 Avenue,Mud Bay,19981102,No,"Architectural, Historical",http://www.surrey.ca/city-services/3285.aspx,49.074596,-122.857201
Registered and Protected,6,Elgin Hall,14250 Crescent Road,Elgin,19970603,No,"Historical, Cultural",http://www.surrey.ca/city-services/3214.aspx,49.066928,-122.827440
Registered,146,Goodmanson Building,10449 King George Highway,Whalley,19981102,No,"Architectural, Historical",http://www.surrey.ca/city-services/3302.aspx,49.192601,-122.845668
Registered and Protected,176,Seventh Day Adventist Church,16017 8 Avenue,Douglas,20001204,No,"Historical, Cultural",http://www.surrey.ca/city-services/3385.aspx,49.016782,-122.778817
Registered,179,Crescent Park Annex,2378  124 Street,Ocean Park,19980126,No,"Historical, Cultural",http://www.surrey.ca/city-services/3300.aspx,49.045452,-122.877882
Registered,193,Surrey Centre Cemetery,16647 Old McLellan Road,Surrey Centre,20001204,No,"Historical, Cultural, Natural",http://www.surrey.ca/city-services/3341.aspx,49.109038,-122.761055
Registered and Protected,200,Tynehead Elementary School (West Wing),8820 168 Street,Tynehead,20001204,No,"Architectural, Historical",http://www.surrey.ca/city-services/3417.aspx,49.163219,-122.756234
Registered,165,William McMillan House,19022 16 Avenue,Hazelmere,20001204,No,"Architectural, Historical",http://www.surrey.ca/city-services/3342.aspx,49.030870,-122.696113
Registered,173,Grandview Heights Elementary School Annex,17561 20 Avenue,Grandview Heights,20001204,No,Historical,http://www.surrey.ca/city-services/3422.aspx,49.039045,-122.736491
Registered and Protected,16,Stewart Farm -Root Cellar,13723 Crescent Road,Crescent Beach,19970603,No,"Architectural, Historical",http://www.surrey.ca/city-services/3359.aspx,49.065164,-122.842182
Registered,53,Louis Kley House,638 176 Street,Douglas,19981102,No,Architectural,http://www.surrey.ca/city-services/3278.aspx,49.013678,-122.734494
Registered,38,Ross House,17826 59A Avenue,Cloverdale,19981102,No,Architectural,http://www.surrey.ca/city-services/3219.aspx,49.110287,-122.728800
Registered and Protected,132,Louis Dahl House,11334 River Road,Royal Heights,19981102,No,"Architectural, Historical",http://www.surrey.ca/city-services/3277.aspx,49.180606,-122.908640
Registered,66,Pow Wow Rock,2938 145A Street,Elgin,19981102,No,Natural,http://www.surrey.ca/city-services/3234.aspx,49.055792,-122.818311
Registered,140,Robert Kennedy House,12481 Old Yale Road,South Westminster,19981102,No,"Architectural, Historical",http://www.surrey.ca/city-services/3318.aspx,49.197390,-122.876545
Registered,117,Michael Morrisey House,9207 160 Street,Fleetwood,19981102,No,"Architectural, Historical",http://www.surrey.ca/city-services/3337.aspx,49.170283,-122.779482
Registered,214,King George Boulevard and Royal Oak Trees,Right of way from Patullo Bridge to 8 Ave and English Oak Trees from Nicomekl River to 8 Ave,,20040112,No,"Historical, Environmental",http://www.surrey.ca/city-services/3418.aspx,49.064319,-122.817094
Registered,158,Creelman House,5678 182 Street,Cloverdale,20001204,No,Architectural,http://www.surrey.ca/city-services/3249.aspx,49.105652,-122.718010
Registered,130,Edward Armstrong House,7381 192 Street,Clayton,19981102,No,Architectural,http://www.surrey.ca/city-services/3334.aspx,49.136950,-122.691257
Registered and Protected,97,Meadow Ridge Farm - Barn,16390 64 Avenue,Surrey Centre,19981102,No,Architectural,http://www.surrey.ca/city-services/3336.aspx,49.118437,-122.769150
Registered,166,Hazelmere Cemetery,19184 16 Avenue,Hazelmere,20001204,No,"Historical, Cultural",http://www.surrey.ca/city-services/3294.aspx,49.030746,-122.691926
Registered,221,Redwood Park,17710 20 Avenue,Grandview Heights,20040112,No,Historical Environmental,http://www.surrey.ca/city-services/3235.aspx,49.037498,-122.729107
Registered,207,Port Kells Elementary School,19076 88 Avenue,Port Kells,20001204,No,Historical,http://www.surrey.ca/city-services/3383.aspx,49.162554,-122.693934
Registered and Protected,224,Rothwell House,2598 O'Hara Lane,Crescent Beach,20050207,No,Historical Architectural,http://www.surrey.ca/city-services/3253.aspx,49.050068,-122.884015
Registered and Protected,3,St. Helen’s Anglican Church,10787 128 Street,South Westminster,19970603,No,"Architectural, Historical",http://www.surrey.ca/city-services/3367.aspx,49.199053,-122.868435
Registered,210,Rock Tree and Boulder,12237 91A Avenue,Kennedy,20021209,No,"Cultural, Natural",http://www.surrey.ca/city-services/3326.aspx,49.169676,-122.883821
Registered and Protected,10,St. Oswald’s Church,19016 96 Avenue,Port Kells,19970603,,"Architectural, Historical",http://www.surrey.ca/city-services/3288.aspx,49.176785,-122.695706
Registered,29,Bourassa House,18089 56 Avenue,Cloverdale,19970714,,"Architectural, Historical",http://www.surrey.ca/city-services/3425.aspx,49.104337,-122.721733
Registered and Protected,95,Charles Bell House,16588 Old McLellan Road,Surrey Centre,19981102,No,"Architectural, Historical",http://www.surrey.ca/city-services/3292.aspx,49.107668,-122.762327
Registered,203,Carl Mathisen House,8553 Harvie Road,Port Kells,20001204,No,Architectural,http://www.surrey.ca/city-services/3298.aspx,49.158471,-122.705645
Registered,192,Christ Church Bell Hall,16613 Bell Road,Surrey Centre,20001204,No,"Architectural, Historical, Cultural",http://www.surrey.ca/city-services/3344.aspx,49.107828,-122.761576
Registered,191,Swanson Barn,6571 King George Highway,Newton,20001204,No,Architectural,http://www.surrey.ca/city-services/3237.aspx,49.122084,-122.847149
Registered,61,Larsen House,3071 176 Street,Grandview Heights,19981102,No,Architectural,http://www.surrey.ca/city-services/3232.aspx,49.057936,-122.735620
Registered,47,Dann’s Electronics (Royal Bank of Canada),5657 176 Street,Cloverdale,19981102,No,"Architectural, Historical",http://www.surrey.ca/city-services/3420.aspx,49.105190,-122.735234
Registered,246,Gerow Barn,9641 176 St,Tynehead,20060911,No,"Historical, Architectural",http://www.surrey.ca/city-services/3215.aspx,49.178003,-122.735474
Registered,232,Green Timbers - Commemorative Plantation,14266 96 Ave,Green Timbers,20060724,No,"Historical, Environmental",http://www.surrey.ca/city-services/3416.aspx,49.178270,-122.829765
Registered and Protected,208,South Westminster School,12469 104 Avenue,South Westminster,20001204,No,"Architectural, Historical",http://www.surrey.ca/city-services/3358.aspx,49.192108,-122.877097
Registered,148,John Holt House,18456 88 Avenue,Port Kells,19981102,No,"Architectural, Historical",http://www.surrey.ca/city-services/3264.aspx,49.162607,-122.711150
Registered,180,J.A. Knight House,12503 Crescent Road,Crescent Beach,20001204,No,Architectural,http://www.surrey.ca/city-services/3263.aspx,49.054290,-122.875509
Registered,126,Smith Farm - Dairy Barn,16927 66 Avenue,Clayton,19981102,No,Architectural,http://www.surrey.ca/city-services/3329.aspx,49.123476,-122.753081
Registered,42,Ingram House,8277 Harvie Road,Port Kells,19981102,No,Architectural,http://www.surrey.ca/city-services/3231.aspx,49.153184,-122.713325
Registered,56,William Mackie House,2976 184 Street,Hazelmere,19981102,No,Architectural,http://www.surrey.ca/city-services/3392.aspx,49.056187,-122.712344
Registered and Protected,149,Bulman’s Garage,8745 Harvie Road,Port Kells,19981102,No,"Architectural, Historical",http://www.surrey.ca/city-services/3248.aspx,49.162245,-122.700069
Registered,186,Byers House,2856 McBride Avenue,Crescent Beach,20001204,No,"Architectural, Historical",http://www.surrey.ca/city-services/3221.aspx,49.054429,-122.884569
Registered,72,Holy Cross Catholic Church,12268 Beecher Street,Crescent Beach,19981102,No,Architectural Historical,http://www.surrey.ca/city-services/3371.aspx,49.052638,-122.881878
Registered,110,James Johnston House,6543 152 Street,Sullivan,19981102,No,"Architectural, Historical",http://www.surrey.ca/city-services/3314.aspx,49.121657,-122.801515
