Intersection,Hourly_Average,Time,Eastbound,Westbound,Northbound,Southbound,Total
32 Avenue East of 192 Street,Monday-Friday,12:00 AM,39,20,,,59
32 Avenue East of 192 Street,Monday-Friday,1:00 AM,25,12,,,37
32 Avenue East of 192 Street,Monday-Friday,2:00 AM,11,12,,,23
32 Avenue East of 192 Street,Monday-Friday,3:00 AM,10,21,,,31
32 Avenue East of 192 Street,Monday-Friday,4:00 AM,21,88,,,109
32 Avenue East of 192 Street,Monday-Friday,5:00 AM,55,385,,,440
32 Avenue East of 192 Street,Monday-Friday,6:00 AM,147,530,,,677
32 Avenue East of 192 Street,Monday-Friday,7:00 AM,234,503,,,737
32 Avenue East of 192 Street,Monday-Friday,8:00 AM,272,401,,,673
32 Avenue East of 192 Street,Monday-Friday,9:00 AM,289,312,,,601
32 Avenue East of 192 Street,Monday-Friday,10:00 AM,322,285,,,607
32 Avenue East of 192 Street,Monday-Friday,11:00 AM,362,294,,,656
32 Avenue East of 192 Street,Monday-Friday,12:00 PM,366,312,,,678
32 Avenue East of 192 Street,Monday-Friday,1:00 PM,384,320,,,704
32 Avenue East of 192 Street,Monday-Friday,2:00 PM,463,303,,,766
32 Avenue East of 192 Street,Monday-Friday,3:00 PM,648,315,,,963
32 Avenue East of 192 Street,Monday-Friday,4:00 PM,683,330,,,1013
32 Avenue East of 192 Street,Monday-Friday,5:00 PM,551,270,,,821
32 Avenue East of 192 Street,Monday-Friday,6:00 PM,365,211,,,576
32 Avenue East of 192 Street,Monday-Friday,7:00 PM,247,165,,,412
32 Avenue East of 192 Street,Monday-Friday,8:00 PM,218,145,,,363
32 Avenue East of 192 Street,Monday-Friday,9:00 PM,185,114,,,299
32 Avenue East of 192 Street,Monday-Friday,10:00 PM,131,71,,,202
32 Avenue East of 192 Street,Monday-Friday,11:00 PM,83,44,,,127
32 Avenue East of 192 Street,Saturday-Sunday,12:00 AM,66,33,,,99
32 Avenue East of 192 Street,Saturday-Sunday,1:00 AM,35,19,,,54
32 Avenue East of 192 Street,Saturday-Sunday,2:00 AM,18,16,,,34
32 Avenue East of 192 Street,Saturday-Sunday,3:00 AM,12,12,,,24
32 Avenue East of 192 Street,Saturday-Sunday,4:00 AM,12,27,,,39
32 Avenue East of 192 Street,Saturday-Sunday,5:00 AM,28,73,,,101
32 Avenue East of 192 Street,Saturday-Sunday,6:00 AM,67,108,,,175
32 Avenue East of 192 Street,Saturday-Sunday,7:00 AM,100,122,,,222
32 Avenue East of 192 Street,Saturday-Sunday,8:00 AM,150,173,,,323
32 Avenue East of 192 Street,Saturday-Sunday,9:00 AM,221,210,,,431
32 Avenue East of 192 Street,Saturday-Sunday,10:00 AM,281,231,,,512
32 Avenue East of 192 Street,Saturday-Sunday,11:00 AM,296,245,,,541
32 Avenue East of 192 Street,Saturday-Sunday,12:00 PM,321,259,,,580
32 Avenue East of 192 Street,Saturday-Sunday,1:00 PM,322,267,,,589
32 Avenue East of 192 Street,Saturday-Sunday,2:00 PM,339,259,,,598
32 Avenue East of 192 Street,Saturday-Sunday,3:00 PM,346,265,,,611
32 Avenue East of 192 Street,Saturday-Sunday,4:00 PM,314,251,,,565
32 Avenue East of 192 Street,Saturday-Sunday,5:00 PM,275,219,,,494
32 Avenue East of 192 Street,Saturday-Sunday,6:00 PM,226,169,,,395
32 Avenue East of 192 Street,Saturday-Sunday,7:00 PM,194,161,,,355
32 Avenue East of 192 Street,Saturday-Sunday,8:00 PM,179,140,,,319
32 Avenue East of 192 Street,Saturday-Sunday,9:00 PM,158,121,,,279
32 Avenue East of 192 Street,Saturday-Sunday,10:00 PM,127,79,,,206
32 Avenue East of 192 Street,Saturday-Sunday,11:00 PM,93,43,,,136
64 Avenue West of 196 Street,Monday-Friday,12:00 AM,45,58,,,103
64 Avenue West of 196 Street,Monday-Friday,1:00 AM,23,28,,,51
64 Avenue West of 196 Street,Monday-Friday,2:00 AM,17,17,,,34
64 Avenue West of 196 Street,Monday-Friday,3:00 AM,19,19,,,38
64 Avenue West of 196 Street,Monday-Friday,4:00 AM,42,35,,,77
64 Avenue West of 196 Street,Monday-Friday,5:00 AM,107,114,,,221
64 Avenue West of 196 Street,Monday-Friday,6:00 AM,222,228,,,450
64 Avenue West of 196 Street,Monday-Friday,7:00 AM,372,284,,,656
64 Avenue West of 196 Street,Monday-Friday,8:00 AM,506,288,,,794
64 Avenue West of 196 Street,Monday-Friday,9:00 AM,538,327,,,865
64 Avenue West of 196 Street,Monday-Friday,10:00 AM,572,431,,,1003
64 Avenue West of 196 Street,Monday-Friday,11:00 AM,625,530,,,1155
64 Avenue West of 196 Street,Monday-Friday,12:00 PM,639,567,,,1206
64 Avenue West of 196 Street,Monday-Friday,1:00 PM,642,585,,,1227
64 Avenue West of 196 Street,Monday-Friday,2:00 PM,645,629,,,1274
64 Avenue West of 196 Street,Monday-Friday,3:00 PM,707,707,,,1414
64 Avenue West of 196 Street,Monday-Friday,4:00 PM,790,778,,,1568
64 Avenue West of 196 Street,Monday-Friday,5:00 PM,749,796,,,1545
64 Avenue West of 196 Street,Monday-Friday,6:00 PM,634,635,,,1269
64 Avenue West of 196 Street,Monday-Friday,7:00 PM,511,542,,,1053
64 Avenue West of 196 Street,Monday-Friday,8:00 PM,371,513,,,884
64 Avenue West of 196 Street,Monday-Friday,9:00 PM,281,426,,,707
64 Avenue West of 196 Street,Monday-Friday,10:00 PM,175,251,,,426
64 Avenue West of 196 Street,Monday-Friday,11:00 PM,97,138,,,235
64 Avenue West of 196 Street,Saturday-Sunday,12:00 AM,79,95,,,174
64 Avenue West of 196 Street,Saturday-Sunday,1:00 AM,50,63,,,113
64 Avenue West of 196 Street,Saturday-Sunday,2:00 AM,38,38,,,76
64 Avenue West of 196 Street,Saturday-Sunday,3:00 AM,22,27,,,49
64 Avenue West of 196 Street,Saturday-Sunday,4:00 AM,34,19,,,53
64 Avenue West of 196 Street,Saturday-Sunday,5:00 AM,53,37,,,90
64 Avenue West of 196 Street,Saturday-Sunday,6:00 AM,89,64,,,153
64 Avenue West of 196 Street,Saturday-Sunday,7:00 AM,178,103,,,281
64 Avenue West of 196 Street,Saturday-Sunday,8:00 AM,306,178,,,484
64 Avenue West of 196 Street,Saturday-Sunday,9:00 AM,528,294,,,822
64 Avenue West of 196 Street,Saturday-Sunday,10:00 AM,664,459,,,1123
64 Avenue West of 196 Street,Saturday-Sunday,11:00 AM,743,585,,,1328
64 Avenue West of 196 Street,Saturday-Sunday,12:00 PM,719,640,,,1359
64 Avenue West of 196 Street,Saturday-Sunday,1:00 PM,705,670,,,1375
64 Avenue West of 196 Street,Saturday-Sunday,2:00 PM,659,688,,,1347
64 Avenue West of 196 Street,Saturday-Sunday,3:00 PM,635,705,,,1340
64 Avenue West of 196 Street,Saturday-Sunday,4:00 PM,579,677,,,1256
64 Avenue West of 196 Street,Saturday-Sunday,5:00 PM,471,630,,,1101
64 Avenue West of 196 Street,Saturday-Sunday,6:00 PM,391,518,,,909
64 Avenue West of 196 Street,Saturday-Sunday,7:00 PM,329,364,,,693
64 Avenue West of 196 Street,Saturday-Sunday,8:00 PM,273,320,,,593
64 Avenue West of 196 Street,Saturday-Sunday,9:00 PM,225,299,,,524
64 Avenue West of 196 Street,Saturday-Sunday,10:00 PM,168,213,,,381
64 Avenue West of 196 Street,Saturday-Sunday,11:00 PM,107,128,,,235
72 Avenue West of 123 Street,Monday-Friday,12:00 AM,188,77,,,265
72 Avenue West of 123 Street,Monday-Friday,1:00 AM,101,54,,,155
72 Avenue West of 123 Street,Monday-Friday,2:00 AM,66,77,,,143
72 Avenue West of 123 Street,Monday-Friday,3:00 AM,78,135,,,213
72 Avenue West of 123 Street,Monday-Friday,4:00 AM,114,425,,,539
72 Avenue West of 123 Street,Monday-Friday,5:00 AM,268,715,,,983
72 Avenue West of 123 Street,Monday-Friday,6:00 AM,405,692,,,1097
72 Avenue West of 123 Street,Monday-Friday,7:00 AM,543,730,,,1273
72 Avenue West of 123 Street,Monday-Friday,8:00 AM,578,767,,,1345
72 Avenue West of 123 Street,Monday-Friday,9:00 AM,664,804,,,1468
72 Avenue West of 123 Street,Monday-Friday,10:00 AM,739,848,,,1587
72 Avenue West of 123 Street,Monday-Friday,11:00 AM,884,958,,,1842
72 Avenue West of 123 Street,Monday-Friday,12:00 PM,945,934,,,1879
72 Avenue West of 123 Street,Monday-Friday,1:00 PM,1012,995,,,2007
72 Avenue West of 123 Street,Monday-Friday,2:00 PM,1109,982,,,2091
72 Avenue West of 123 Street,Monday-Friday,3:00 PM,1119,1020,,,2139
72 Avenue West of 123 Street,Monday-Friday,4:00 PM,1152,1012,,,2164
72 Avenue West of 123 Street,Monday-Friday,5:00 PM,1107,937,,,2044
72 Avenue West of 123 Street,Monday-Friday,6:00 PM,998,881,,,1879
72 Avenue West of 123 Street,Monday-Friday,7:00 PM,810,688,,,1498
72 Avenue West of 123 Street,Monday-Friday,8:00 PM,721,581,,,1302
72 Avenue West of 123 Street,Monday-Friday,9:00 PM,637,500,,,1137
72 Avenue West of 123 Street,Monday-Friday,10:00 PM,422,270,,,692
72 Avenue West of 123 Street,Monday-Friday,11:00 PM,295,153,,,448
72 Avenue West of 123 Street,Saturday-Sunday,12:00 AM,273,136,,,409
72 Avenue West of 123 Street,Saturday-Sunday,1:00 AM,137,75,,,212
72 Avenue West of 123 Street,Saturday-Sunday,2:00 AM,99,97,,,196
72 Avenue West of 123 Street,Saturday-Sunday,3:00 AM,111,94,,,205
72 Avenue West of 123 Street,Saturday-Sunday,4:00 AM,102,143,,,245
72 Avenue West of 123 Street,Saturday-Sunday,5:00 AM,139,275,,,414
72 Avenue West of 123 Street,Saturday-Sunday,6:00 AM,207,290,,,497
72 Avenue West of 123 Street,Saturday-Sunday,7:00 AM,272,411,,,683
72 Avenue West of 123 Street,Saturday-Sunday,8:00 AM,436,583,,,1019
72 Avenue West of 123 Street,Saturday-Sunday,9:00 AM,579,814,,,1393
72 Avenue West of 123 Street,Saturday-Sunday,10:00 AM,715,885,,,1600
72 Avenue West of 123 Street,Saturday-Sunday,11:00 AM,832,935,,,1767
72 Avenue West of 123 Street,Saturday-Sunday,12:00 PM,922,931,,,1853
72 Avenue West of 123 Street,Saturday-Sunday,1:00 PM,938,964,,,1902
72 Avenue West of 123 Street,Saturday-Sunday,2:00 PM,947,928,,,1875
72 Avenue West of 123 Street,Saturday-Sunday,3:00 PM,946,861,,,1807
72 Avenue West of 123 Street,Saturday-Sunday,4:00 PM,880,808,,,1688
72 Avenue West of 123 Street,Saturday-Sunday,5:00 PM,800,766,,,1566
72 Avenue West of 123 Street,Saturday-Sunday,6:00 PM,779,729,,,1508
72 Avenue West of 123 Street,Saturday-Sunday,7:00 PM,656,608,,,1264
72 Avenue West of 123 Street,Saturday-Sunday,8:00 PM,606,506,,,1112
72 Avenue West of 123 Street,Saturday-Sunday,9:00 PM,563,491,,,1054
72 Avenue West of 123 Street,Saturday-Sunday,10:00 PM,421,282,,,703
72 Avenue West of 123 Street,Saturday-Sunday,11:00 PM,306,186,,,492
96 Avenue East of 130 Street,Monday-Friday,12:00 AM,119,117,,,236
96 Avenue East of 130 Street,Monday-Friday,1:00 AM,71,68,,,139
96 Avenue East of 130 Street,Monday-Friday,2:00 AM,47,50,,,97
96 Avenue East of 130 Street,Monday-Friday,3:00 AM,48,58,,,106
96 Avenue East of 130 Street,Monday-Friday,4:00 AM,111,173,,,284
96 Avenue East of 130 Street,Monday-Friday,5:00 AM,292,529,,,821
96 Avenue East of 130 Street,Monday-Friday,6:00 AM,653,648,,,1301
96 Avenue East of 130 Street,Monday-Friday,7:00 AM,739,730,,,1469
96 Avenue East of 130 Street,Monday-Friday,8:00 AM,633,678,,,1311
96 Avenue East of 130 Street,Monday-Friday,9:00 AM,570,585,,,1155
96 Avenue East of 130 Street,Monday-Friday,10:00 AM,588,596,,,1184
96 Avenue East of 130 Street,Monday-Friday,11:00 AM,628,695,,,1323
96 Avenue East of 130 Street,Monday-Friday,12:00 PM,748,714,,,1462
96 Avenue East of 130 Street,Monday-Friday,1:00 PM,732,751,,,1483
96 Avenue East of 130 Street,Monday-Friday,2:00 PM,845,820,,,1665
96 Avenue East of 130 Street,Monday-Friday,3:00 PM,969,934,,,1903
96 Avenue East of 130 Street,Monday-Friday,4:00 PM,1009,1006,,,2015
96 Avenue East of 130 Street,Monday-Friday,5:00 PM,1005,888,,,1893
96 Avenue East of 130 Street,Monday-Friday,6:00 PM,852,753,,,1605
96 Avenue East of 130 Street,Monday-Friday,7:00 PM,655,652,,,1307
96 Avenue East of 130 Street,Monday-Friday,8:00 PM,543,588,,,1131
96 Avenue East of 130 Street,Monday-Friday,9:00 PM,469,494,,,963
96 Avenue East of 130 Street,Monday-Friday,10:00 PM,346,345,,,691
96 Avenue East of 130 Street,Monday-Friday,11:00 PM,228,229,,,457
96 Avenue East of 130 Street,Saturday-Sunday,12:00 AM,202,197,,,399
96 Avenue East of 130 Street,Saturday-Sunday,1:00 AM,130,127,,,257
96 Avenue East of 130 Street,Saturday-Sunday,2:00 AM,89,83,,,172
96 Avenue East of 130 Street,Saturday-Sunday,3:00 AM,74,68,,,142
96 Avenue East of 130 Street,Saturday-Sunday,4:00 AM,73,79,,,152
96 Avenue East of 130 Street,Saturday-Sunday,5:00 AM,118,148,,,266
96 Avenue East of 130 Street,Saturday-Sunday,6:00 AM,252,184,,,436
96 Avenue East of 130 Street,Saturday-Sunday,7:00 AM,264,242,,,506
96 Avenue East of 130 Street,Saturday-Sunday,8:00 AM,369,342,,,711
96 Avenue East of 130 Street,Saturday-Sunday,9:00 AM,501,491,,,992
96 Avenue East of 130 Street,Saturday-Sunday,10:00 AM,575,564,,,1139
96 Avenue East of 130 Street,Saturday-Sunday,11:00 AM,635,631,,,1266
96 Avenue East of 130 Street,Saturday-Sunday,12:00 PM,687,679,,,1366
96 Avenue East of 130 Street,Saturday-Sunday,1:00 PM,727,705,,,1432
96 Avenue East of 130 Street,Saturday-Sunday,2:00 PM,747,746,,,1493
96 Avenue East of 130 Street,Saturday-Sunday,3:00 PM,743,747,,,1490
96 Avenue East of 130 Street,Saturday-Sunday,4:00 PM,693,753,,,1446
96 Avenue East of 130 Street,Saturday-Sunday,5:00 PM,635,722,,,1357
96 Avenue East of 130 Street,Saturday-Sunday,6:00 PM,615,729,,,1344
96 Avenue East of 130 Street,Saturday-Sunday,7:00 PM,548,632,,,1180
96 Avenue East of 130 Street,Saturday-Sunday,8:00 PM,488,557,,,1045
96 Avenue East of 130 Street,Saturday-Sunday,9:00 PM,447,464,,,911
96 Avenue East of 130 Street,Saturday-Sunday,10:00 PM,377,369,,,746
96 Avenue East of 130 Street,Saturday-Sunday,11:00 PM,241,247,,,488
104 Avenue East of 157 Street,Monday-Friday,12:00 AM,101,101,,,202
104 Avenue East of 157 Street,Monday-Friday,1:00 AM,56,55,,,111
104 Avenue East of 157 Street,Monday-Friday,2:00 AM,34,41,,,75
104 Avenue East of 157 Street,Monday-Friday,3:00 AM,41,32,,,73
104 Avenue East of 157 Street,Monday-Friday,4:00 AM,90,75,,,165
104 Avenue East of 157 Street,Monday-Friday,5:00 AM,289,230,,,519
104 Avenue East of 157 Street,Monday-Friday,6:00 AM,558,443,,,1001
104 Avenue East of 157 Street,Monday-Friday,7:00 AM,646,638,,,1284
104 Avenue East of 157 Street,Monday-Friday,8:00 AM,586,726,,,1312
104 Avenue East of 157 Street,Monday-Friday,9:00 AM,537,587,,,1124
104 Avenue East of 157 Street,Monday-Friday,10:00 AM,564,532,,,1096
104 Avenue East of 157 Street,Monday-Friday,11:00 AM,641,565,,,1206
104 Avenue East of 157 Street,Monday-Friday,12:00 PM,700,584,,,1284
104 Avenue East of 157 Street,Monday-Friday,1:00 PM,748,578,,,1326
104 Avenue East of 157 Street,Monday-Friday,2:00 PM,795,624,,,1419
104 Avenue East of 157 Street,Monday-Friday,3:00 PM,922,770,,,1692
104 Avenue East of 157 Street,Monday-Friday,4:00 PM,1035,788,,,1823
104 Avenue East of 157 Street,Monday-Friday,5:00 PM,990,726,,,1716
104 Avenue East of 157 Street,Monday-Friday,6:00 PM,751,553,,,1304
104 Avenue East of 157 Street,Monday-Friday,7:00 PM,574,457,,,1031
104 Avenue East of 157 Street,Monday-Friday,8:00 PM,473,378,,,851
104 Avenue East of 157 Street,Monday-Friday,9:00 PM,454,356,,,810
104 Avenue East of 157 Street,Monday-Friday,10:00 PM,311,281,,,592
104 Avenue East of 157 Street,Monday-Friday,11:00 PM,193,180,,,373
104 Avenue East of 157 Street,Saturday-Sunday,12:00 AM,180,138,,,318
104 Avenue East of 157 Street,Saturday-Sunday,1:00 AM,102,82,,,184
104 Avenue East of 157 Street,Saturday-Sunday,2:00 AM,68,56,,,124
104 Avenue East of 157 Street,Saturday-Sunday,3:00 AM,44,37,,,81
104 Avenue East of 157 Street,Saturday-Sunday,4:00 AM,55,37,,,92
104 Avenue East of 157 Street,Saturday-Sunday,5:00 AM,108,64,,,172
104 Avenue East of 157 Street,Saturday-Sunday,6:00 AM,187,112,,,299
104 Avenue East of 157 Street,Saturday-Sunday,7:00 AM,272,186,,,458
104 Avenue East of 157 Street,Saturday-Sunday,8:00 AM,391,292,,,683
104 Avenue East of 157 Street,Saturday-Sunday,9:00 AM,508,443,,,951
104 Avenue East of 157 Street,Saturday-Sunday,10:00 AM,582,483,,,1065
104 Avenue East of 157 Street,Saturday-Sunday,11:00 AM,624,547,,,1171
104 Avenue East of 157 Street,Saturday-Sunday,12:00 PM,692,550,,,1242
104 Avenue East of 157 Street,Saturday-Sunday,1:00 PM,683,546,,,1229
104 Avenue East of 157 Street,Saturday-Sunday,2:00 PM,657,547,,,1204
104 Avenue East of 157 Street,Saturday-Sunday,3:00 PM,641,541,,,1182
104 Avenue East of 157 Street,Saturday-Sunday,4:00 PM,614,530,,,1144
104 Avenue East of 157 Street,Saturday-Sunday,5:00 PM,563,523,,,1086
104 Avenue East of 157 Street,Saturday-Sunday,6:00 PM,505,469,,,974
104 Avenue East of 157 Street,Saturday-Sunday,7:00 PM,427,424,,,851
104 Avenue East of 157 Street,Saturday-Sunday,8:00 PM,378,395,,,773
104 Avenue East of 157 Street,Saturday-Sunday,9:00 PM,338,363,,,701
104 Avenue East of 157 Street,Saturday-Sunday,10:00 PM,281,274,,,555
104 Avenue East of 157 Street,Saturday-Sunday,11:00 PM,207,187,,,394
152 Street South of 24 Avenue,Monday-Friday,12:00 AM,,,48,50,98
152 Street South of 24 Avenue,Monday-Friday,1:00 AM,,,31,30,61
152 Street South of 24 Avenue,Monday-Friday,2:00 AM,,,24,23,47
152 Street South of 24 Avenue,Monday-Friday,3:00 AM,,,39,20,59
152 Street South of 24 Avenue,Monday-Friday,4:00 AM,,,102,52,154
152 Street South of 24 Avenue,Monday-Friday,5:00 AM,,,280,173,453
152 Street South of 24 Avenue,Monday-Friday,6:00 AM,,,444,404,848
152 Street South of 24 Avenue,Monday-Friday,7:00 AM,,,578,724,1302
152 Street South of 24 Avenue,Monday-Friday,8:00 AM,,,669,863,1532
152 Street South of 24 Avenue,Monday-Friday,9:00 AM,,,758,846,1604
152 Street South of 24 Avenue,Monday-Friday,10:00 AM,,,888,929,1817
152 Street South of 24 Avenue,Monday-Friday,11:00 AM,,,927,977,1904
152 Street South of 24 Avenue,Monday-Friday,12:00 PM,,,896,993,1889
152 Street South of 24 Avenue,Monday-Friday,1:00 PM,,,930,1011,1941
152 Street South of 24 Avenue,Monday-Friday,2:00 PM,,,1002,1074,2076
152 Street South of 24 Avenue,Monday-Friday,3:00 PM,,,929,1084,2013
152 Street South of 24 Avenue,Monday-Friday,4:00 PM,,,877,1012,1889
152 Street South of 24 Avenue,Monday-Friday,5:00 PM,,,713,889,1602
152 Street South of 24 Avenue,Monday-Friday,6:00 PM,,,560,721,1281
152 Street South of 24 Avenue,Monday-Friday,7:00 PM,,,524,564,1088
152 Street South of 24 Avenue,Monday-Friday,8:00 PM,,,471,451,922
152 Street South of 24 Avenue,Monday-Friday,9:00 PM,,,345,306,651
152 Street South of 24 Avenue,Monday-Friday,10:00 PM,,,240,191,431
152 Street South of 24 Avenue,Monday-Friday,11:00 PM,,,105,100,205
152 Street South of 24 Avenue,Saturday-Sunday,12:00 AM,,,84,81,165
152 Street South of 24 Avenue,Saturday-Sunday,1:00 AM,,,62,49,111
152 Street South of 24 Avenue,Saturday-Sunday,2:00 AM,,,40,33,73
152 Street South of 24 Avenue,Saturday-Sunday,3:00 AM,,,35,28,63
152 Street South of 24 Avenue,Saturday-Sunday,4:00 AM,,,40,30,70
152 Street South of 24 Avenue,Saturday-Sunday,5:00 AM,,,95,93,188
152 Street South of 24 Avenue,Saturday-Sunday,6:00 AM,,,169,175,344
152 Street South of 24 Avenue,Saturday-Sunday,7:00 AM,,,232,284,516
152 Street South of 24 Avenue,Saturday-Sunday,8:00 AM,,,393,446,839
152 Street South of 24 Avenue,Saturday-Sunday,9:00 AM,,,584,640,1224
152 Street South of 24 Avenue,Saturday-Sunday,10:00 AM,,,681,734,1415
152 Street South of 24 Avenue,Saturday-Sunday,11:00 AM,,,715,854,1569
152 Street South of 24 Avenue,Saturday-Sunday,12:00 PM,,,769,871,1640
152 Street South of 24 Avenue,Saturday-Sunday,1:00 PM,,,743,848,1591
152 Street South of 24 Avenue,Saturday-Sunday,2:00 PM,,,745,854,1599
152 Street South of 24 Avenue,Saturday-Sunday,3:00 PM,,,729,804,1533
152 Street South of 24 Avenue,Saturday-Sunday,4:00 PM,,,643,736,1379
152 Street South of 24 Avenue,Saturday-Sunday,5:00 PM,,,536,638,1174
152 Street South of 24 Avenue,Saturday-Sunday,6:00 PM,,,458,547,1005
152 Street South of 24 Avenue,Saturday-Sunday,7:00 PM,,,430,477,907
152 Street South of 24 Avenue,Saturday-Sunday,8:00 PM,,,407,378,785
152 Street South of 24 Avenue,Saturday-Sunday,9:00 PM,,,329,268,597
152 Street South of 24 Avenue,Saturday-Sunday,10:00 PM,,,208,202,410
152 Street South of 24 Avenue,Saturday-Sunday,11:00 PM,,,120,109,229
152 Street South of 70 Avenue,Monday-Friday,12:00 AM,,,117,102,219
152 Street South of 70 Avenue,Monday-Friday,1:00 AM,,,65,58,123
152 Street South of 70 Avenue,Monday-Friday,2:00 AM,,,39,47,86
152 Street South of 70 Avenue,Monday-Friday,3:00 AM,,,39,46,85
152 Street South of 70 Avenue,Monday-Friday,4:00 AM,,,84,109,193
152 Street South of 70 Avenue,Monday-Friday,5:00 AM,,,306,390,696
152 Street South of 70 Avenue,Monday-Friday,6:00 AM,,,605,852,1457
152 Street South of 70 Avenue,Monday-Friday,7:00 AM,,,802,1024,1826
152 Street South of 70 Avenue,Monday-Friday,8:00 AM,,,812,977,1789
152 Street South of 70 Avenue,Monday-Friday,9:00 AM,,,732,843,1575
152 Street South of 70 Avenue,Monday-Friday,10:00 AM,,,755,844,1599
152 Street South of 70 Avenue,Monday-Friday,11:00 AM,,,823,876,1699
152 Street South of 70 Avenue,Monday-Friday,12:00 PM,,,857,908,1765
152 Street South of 70 Avenue,Monday-Friday,1:00 PM,,,893,944,1837
152 Street South of 70 Avenue,Monday-Friday,2:00 PM,,,974,1013,1987
152 Street South of 70 Avenue,Monday-Friday,3:00 PM,,,1178,1111,2289
152 Street South of 70 Avenue,Monday-Friday,4:00 PM,,,1198,1181,2379
152 Street South of 70 Avenue,Monday-Friday,5:00 PM,,,1153,1141,2294
152 Street South of 70 Avenue,Monday-Friday,6:00 PM,,,938,973,1911
152 Street South of 70 Avenue,Monday-Friday,7:00 PM,,,791,772,1563
152 Street South of 70 Avenue,Monday-Friday,8:00 PM,,,731,635,1366
152 Street South of 70 Avenue,Monday-Friday,9:00 PM,,,633,525,1158
152 Street South of 70 Avenue,Monday-Friday,10:00 PM,,,473,375,848
152 Street South of 70 Avenue,Monday-Friday,11:00 PM,,,294,215,509
152 Street South of 70 Avenue,Saturday-Sunday,12:00 AM,,,195,182,377
152 Street South of 70 Avenue,Saturday-Sunday,1:00 AM,,,120,109,229
152 Street South of 70 Avenue,Saturday-Sunday,2:00 AM,,,74,77,151
152 Street South of 70 Avenue,Saturday-Sunday,3:00 AM,,,53,59,112
152 Street South of 70 Avenue,Saturday-Sunday,4:00 AM,,,53,69,122
152 Street South of 70 Avenue,Saturday-Sunday,5:00 AM,,,124,150,274
152 Street South of 70 Avenue,Saturday-Sunday,6:00 AM,,,190,316,506
152 Street South of 70 Avenue,Saturday-Sunday,7:00 AM,,,300,398,698
152 Street South of 70 Avenue,Saturday-Sunday,8:00 AM,,,419,564,983
152 Street South of 70 Avenue,Saturday-Sunday,9:00 AM,,,592,741,1333
152 Street South of 70 Avenue,Saturday-Sunday,10:00 AM,,,691,800,1491
152 Street South of 70 Avenue,Saturday-Sunday,11:00 AM,,,768,881,1649
152 Street South of 70 Avenue,Saturday-Sunday,12:00 PM,,,845,861,1706
152 Street South of 70 Avenue,Saturday-Sunday,1:00 PM,,,884,894,1778
152 Street South of 70 Avenue,Saturday-Sunday,2:00 PM,,,849,918,1767
152 Street South of 70 Avenue,Saturday-Sunday,3:00 PM,,,896,883,1779
152 Street South of 70 Avenue,Saturday-Sunday,4:00 PM,,,864,891,1755
152 Street South of 70 Avenue,Saturday-Sunday,5:00 PM,,,826,843,1669
152 Street South of 70 Avenue,Saturday-Sunday,6:00 PM,,,792,800,1592
152 Street South of 70 Avenue,Saturday-Sunday,7:00 PM,,,708,660,1368
152 Street South of 70 Avenue,Saturday-Sunday,8:00 PM,,,674,529,1203
152 Street South of 70 Avenue,Saturday-Sunday,9:00 PM,,,593,454,1047
152 Street South of 70 Avenue,Saturday-Sunday,10:00 PM,,,456,379,835
152 Street South of 70 Avenue,Saturday-Sunday,11:00 PM,,,295,241,536
152 Street South of 99 Avenue,Monday-Friday,12:00 AM,,,130,198,328
152 Street South of 99 Avenue,Monday-Friday,1:00 AM,,,80,102,182
152 Street South of 99 Avenue,Monday-Friday,2:00 AM,,,53,74,127
152 Street South of 99 Avenue,Monday-Friday,3:00 AM,,,45,51,96
152 Street South of 99 Avenue,Monday-Friday,4:00 AM,,,101,61,162
152 Street South of 99 Avenue,Monday-Friday,5:00 AM,,,352,162,514
152 Street South of 99 Avenue,Monday-Friday,6:00 AM,,,744,485,1229
152 Street South of 99 Avenue,Monday-Friday,7:00 AM,,,932,712,1644
152 Street South of 99 Avenue,Monday-Friday,8:00 AM,,,1059,799,1858
152 Street South of 99 Avenue,Monday-Friday,9:00 AM,,,969,778,1747
152 Street South of 99 Avenue,Monday-Friday,10:00 AM,,,962,837,1799
152 Street South of 99 Avenue,Monday-Friday,11:00 AM,,,1013,938,1951
152 Street South of 99 Avenue,Monday-Friday,12:00 PM,,,1088,1046,2134
152 Street South of 99 Avenue,Monday-Friday,1:00 PM,,,1060,1091,2151
152 Street South of 99 Avenue,Monday-Friday,2:00 PM,,,1031,1196,2227
152 Street South of 99 Avenue,Monday-Friday,3:00 PM,,,1129,1430,2559
152 Street South of 99 Avenue,Monday-Friday,4:00 PM,,,1144,1508,2652
152 Street South of 99 Avenue,Monday-Friday,5:00 PM,,,1113,1496,2609
152 Street South of 99 Avenue,Monday-Friday,6:00 PM,,,982,1231,2213
152 Street South of 99 Avenue,Monday-Friday,7:00 PM,,,794,969,1763
152 Street South of 99 Avenue,Monday-Friday,8:00 PM,,,650,802,1452
152 Street South of 99 Avenue,Monday-Friday,9:00 PM,,,614,772,1386
152 Street South of 99 Avenue,Monday-Friday,10:00 PM,,,449,509,958
152 Street South of 99 Avenue,Monday-Friday,11:00 PM,,,268,353,621
152 Street South of 99 Avenue,Saturday-Sunday,12:00 AM,,,226,324,550
152 Street South of 99 Avenue,Saturday-Sunday,1:00 AM,,,144,184,328
152 Street South of 99 Avenue,Saturday-Sunday,2:00 AM,,,90,126,216
152 Street South of 99 Avenue,Saturday-Sunday,3:00 AM,,,68,90,158
152 Street South of 99 Avenue,Saturday-Sunday,4:00 AM,,,70,74,144
152 Street South of 99 Avenue,Saturday-Sunday,5:00 AM,,,124,96,220
152 Street South of 99 Avenue,Saturday-Sunday,6:00 AM,,,227,185,412
152 Street South of 99 Avenue,Saturday-Sunday,7:00 AM,,,333,272,605
152 Street South of 99 Avenue,Saturday-Sunday,8:00 AM,,,477,395,872
152 Street South of 99 Avenue,Saturday-Sunday,9:00 AM,,,705,577,1282
152 Street South of 99 Avenue,Saturday-Sunday,10:00 AM,,,868,727,1595
152 Street South of 99 Avenue,Saturday-Sunday,11:00 AM,,,958,863,1821
152 Street South of 99 Avenue,Saturday-Sunday,12:00 PM,,,1029,984,2013
152 Street South of 99 Avenue,Saturday-Sunday,1:00 PM,,,992,1066,2058
152 Street South of 99 Avenue,Saturday-Sunday,2:00 PM,,,963,1101,2064
152 Street South of 99 Avenue,Saturday-Sunday,3:00 PM,,,961,1111,2072
152 Street South of 99 Avenue,Saturday-Sunday,4:00 PM,,,917,1081,1998
152 Street South of 99 Avenue,Saturday-Sunday,5:00 PM,,,843,1100,1943
152 Street South of 99 Avenue,Saturday-Sunday,6:00 PM,,,762,1027,1789
152 Street South of 99 Avenue,Saturday-Sunday,7:00 PM,,,670,763,1433
152 Street South of 99 Avenue,Saturday-Sunday,8:00 PM,,,619,638,1257
152 Street South of 99 Avenue,Saturday-Sunday,9:00 PM,,,564,596,1160
152 Street South of 99 Avenue,Saturday-Sunday,10:00 PM,,,484,478,962
152 Street South of 99 Avenue,Saturday-Sunday,11:00 PM,,,318,377,695
Fraser Highway East of 188 Street,Monday-Friday,12:00 AM,59,78,,,137
Fraser Highway East of 188 Street,Monday-Friday,1:00 AM,31,56,,,87
Fraser Highway East of 188 Street,Monday-Friday,2:00 AM,22,28,,,50
Fraser Highway East of 188 Street,Monday-Friday,3:00 AM,38,34,,,72
Fraser Highway East of 188 Street,Monday-Friday,4:00 AM,102,88,,,190
Fraser Highway East of 188 Street,Monday-Friday,5:00 AM,205,323,,,528
Fraser Highway East of 188 Street,Monday-Friday,6:00 AM,460,547,,,1007
Fraser Highway East of 188 Street,Monday-Friday,7:00 AM,619,574,,,1193
Fraser Highway East of 188 Street,Monday-Friday,8:00 AM,688,504,,,1192
Fraser Highway East of 188 Street,Monday-Friday,9:00 AM,674,536,,,1210
Fraser Highway East of 188 Street,Monday-Friday,10:00 AM,735,642,,,1377
Fraser Highway East of 188 Street,Monday-Friday,11:00 AM,759,742,,,1501
Fraser Highway East of 188 Street,Monday-Friday,12:00 PM,747,784,,,1531
Fraser Highway East of 188 Street,Monday-Friday,1:00 PM,719,803,,,1522
Fraser Highway East of 188 Street,Monday-Friday,2:00 PM,750,929,,,1679
Fraser Highway East of 188 Street,Monday-Friday,3:00 PM,838,1021,,,1859
Fraser Highway East of 188 Street,Monday-Friday,4:00 PM,854,1080,,,1934
Fraser Highway East of 188 Street,Monday-Friday,5:00 PM,766,1016,,,1782
Fraser Highway East of 188 Street,Monday-Friday,6:00 PM,644,784,,,1428
Fraser Highway East of 188 Street,Monday-Friday,7:00 PM,508,645,,,1153
Fraser Highway East of 188 Street,Monday-Friday,8:00 PM,380,608,,,988
Fraser Highway East of 188 Street,Monday-Friday,9:00 PM,300,495,,,795
Fraser Highway East of 188 Street,Monday-Friday,10:00 PM,202,315,,,517
Fraser Highway East of 188 Street,Monday-Friday,11:00 PM,126,188,,,314
Fraser Highway East of 188 Street,Saturday-Sunday,12:00 AM,118,119,,,237
Fraser Highway East of 188 Street,Saturday-Sunday,1:00 AM,65,100,,,165
Fraser Highway East of 188 Street,Saturday-Sunday,2:00 AM,41,63,,,104
Fraser Highway East of 188 Street,Saturday-Sunday,3:00 AM,30,46,,,76
Fraser Highway East of 188 Street,Saturday-Sunday,4:00 AM,36,37,,,73
Fraser Highway East of 188 Street,Saturday-Sunday,5:00 AM,76,71,,,147
Fraser Highway East of 188 Street,Saturday-Sunday,6:00 AM,182,128,,,310
Fraser Highway East of 188 Street,Saturday-Sunday,7:00 AM,249,184,,,433
Fraser Highway East of 188 Street,Saturday-Sunday,8:00 AM,418,246,,,664
Fraser Highway East of 188 Street,Saturday-Sunday,9:00 AM,550,388,,,938
Fraser Highway East of 188 Street,Saturday-Sunday,10:00 AM,688,529,,,1217
Fraser Highway East of 188 Street,Saturday-Sunday,11:00 AM,716,664,,,1380
Fraser Highway East of 188 Street,Saturday-Sunday,12:00 PM,709,745,,,1454
Fraser Highway East of 188 Street,Saturday-Sunday,1:00 PM,669,783,,,1452
Fraser Highway East of 188 Street,Saturday-Sunday,2:00 PM,662,806,,,1468
Fraser Highway East of 188 Street,Saturday-Sunday,3:00 PM,597,837,,,1434
Fraser Highway East of 188 Street,Saturday-Sunday,4:00 PM,535,815,,,1350
Fraser Highway East of 188 Street,Saturday-Sunday,5:00 PM,444,755,,,1199
Fraser Highway East of 188 Street,Saturday-Sunday,6:00 PM,373,582,,,955
Fraser Highway East of 188 Street,Saturday-Sunday,7:00 PM,326,446,,,772
Fraser Highway East of 188 Street,Saturday-Sunday,8:00 PM,268,412,,,680
Fraser Highway East of 188 Street,Saturday-Sunday,9:00 PM,237,363,,,600
Fraser Highway East of 188 Street,Saturday-Sunday,10:00 PM,179,267,,,446
Fraser Highway East of 188 Street,Saturday-Sunday,11:00 PM,123,172,,,295
King George Boulevard North of 34 Avenue,Monday-Friday,12:00 AM,,,51,54,105
King George Boulevard North of 34 Avenue,Monday-Friday,1:00 AM,,,28,36,64
King George Boulevard North of 34 Avenue,Monday-Friday,2:00 AM,,,18,20,38
King George Boulevard North of 34 Avenue,Monday-Friday,3:00 AM,,,17,15,32
King George Boulevard North of 34 Avenue,Monday-Friday,4:00 AM,,,47,33,80
King George Boulevard North of 34 Avenue,Monday-Friday,5:00 AM,,,152,94,246
King George Boulevard North of 34 Avenue,Monday-Friday,6:00 AM,,,376,275,651
King George Boulevard North of 34 Avenue,Monday-Friday,7:00 AM,,,492,390,882
King George Boulevard North of 34 Avenue,Monday-Friday,8:00 AM,,,485,501,986
King George Boulevard North of 34 Avenue,Monday-Friday,9:00 AM,,,461,480,941
King George Boulevard North of 34 Avenue,Monday-Friday,10:00 AM,,,496,512,1008
King George Boulevard North of 34 Avenue,Monday-Friday,11:00 AM,,,550,572,1122
King George Boulevard North of 34 Avenue,Monday-Friday,12:00 PM,,,558,576,1134
King George Boulevard North of 34 Avenue,Monday-Friday,1:00 PM,,,554,586,1140
King George Boulevard North of 34 Avenue,Monday-Friday,2:00 PM,,,588,645,1233
King George Boulevard North of 34 Avenue,Monday-Friday,3:00 PM,,,628,662,1290
King George Boulevard North of 34 Avenue,Monday-Friday,4:00 PM,,,621,723,1344
King George Boulevard North of 34 Avenue,Monday-Friday,5:00 PM,,,593,718,1311
King George Boulevard North of 34 Avenue,Monday-Friday,6:00 PM,,,475,587,1062
King George Boulevard North of 34 Avenue,Monday-Friday,7:00 PM,,,406,443,849
King George Boulevard North of 34 Avenue,Monday-Friday,8:00 PM,,,368,369,737
King George Boulevard North of 34 Avenue,Monday-Friday,9:00 PM,,,317,295,612
King George Boulevard North of 34 Avenue,Monday-Friday,10:00 PM,,,242,201,443
King George Boulevard North of 34 Avenue,Monday-Friday,11:00 PM,,,146,108,254
King George Boulevard North of 34 Avenue,Saturday-Sunday,12:00 AM,,,86,93,179
King George Boulevard North of 34 Avenue,Saturday-Sunday,1:00 AM,,,50,50,100
King George Boulevard North of 34 Avenue,Saturday-Sunday,2:00 AM,,,44,33,77
King George Boulevard North of 34 Avenue,Saturday-Sunday,3:00 AM,,,23,23,46
King George Boulevard North of 34 Avenue,Saturday-Sunday,4:00 AM,,,23,24,47
King George Boulevard North of 34 Avenue,Saturday-Sunday,5:00 AM,,,48,50,98
King George Boulevard North of 34 Avenue,Saturday-Sunday,6:00 AM,,,99,166,265
King George Boulevard North of 34 Avenue,Saturday-Sunday,7:00 AM,,,150,170,320
King George Boulevard North of 34 Avenue,Saturday-Sunday,8:00 AM,,,212,289,501
King George Boulevard North of 34 Avenue,Saturday-Sunday,9:00 AM,,,323,375,698
King George Boulevard North of 34 Avenue,Saturday-Sunday,10:00 AM,,,420,467,887
King George Boulevard North of 34 Avenue,Saturday-Sunday,11:00 AM,,,499,529,1028
King George Boulevard North of 34 Avenue,Saturday-Sunday,12:00 PM,,,533,551,1084
King George Boulevard North of 34 Avenue,Saturday-Sunday,1:00 PM,,,562,599,1161
King George Boulevard North of 34 Avenue,Saturday-Sunday,2:00 PM,,,582,622,1204
King George Boulevard North of 34 Avenue,Saturday-Sunday,3:00 PM,,,593,598,1191
King George Boulevard North of 34 Avenue,Saturday-Sunday,4:00 PM,,,552,562,1114
King George Boulevard North of 34 Avenue,Saturday-Sunday,5:00 PM,,,481,511,992
King George Boulevard North of 34 Avenue,Saturday-Sunday,6:00 PM,,,406,423,829
King George Boulevard North of 34 Avenue,Saturday-Sunday,7:00 PM,,,341,372,713
King George Boulevard North of 34 Avenue,Saturday-Sunday,8:00 PM,,,317,318,635
King George Boulevard North of 34 Avenue,Saturday-Sunday,9:00 PM,,,300,266,566
King George Boulevard North of 34 Avenue,Saturday-Sunday,10:00 PM,,,229,217,446
King George Boulevard North of 34 Avenue,Saturday-Sunday,11:00 PM,,,147,117,264
King George Boulevard South of 72 Avenue,Monday-Friday,12:00 AM,,,149,179,328
King George Boulevard South of 72 Avenue,Monday-Friday,1:00 AM,,,89,107,196
King George Boulevard South of 72 Avenue,Monday-Friday,2:00 AM,,,64,75,139
King George Boulevard South of 72 Avenue,Monday-Friday,3:00 AM,,,67,71,138
King George Boulevard South of 72 Avenue,Monday-Friday,4:00 AM,,,129,111,240
King George Boulevard South of 72 Avenue,Monday-Friday,5:00 AM,,,337,249,586
King George Boulevard South of 72 Avenue,Monday-Friday,6:00 AM,,,749,542,1291
King George Boulevard South of 72 Avenue,Monday-Friday,7:00 AM,,,1095,720,1815
King George Boulevard South of 72 Avenue,Monday-Friday,8:00 AM,,,1067,840,1907
King George Boulevard South of 72 Avenue,Monday-Friday,9:00 AM,,,979,771,1750
King George Boulevard South of 72 Avenue,Monday-Friday,10:00 AM,,,1034,917,1951
King George Boulevard South of 72 Avenue,Monday-Friday,11:00 AM,,,1035,1065,2100
King George Boulevard South of 72 Avenue,Monday-Friday,12:00 PM,,,1103,1140,2243
King George Boulevard South of 72 Avenue,Monday-Friday,1:00 PM,,,1087,1188,2275
King George Boulevard South of 72 Avenue,Monday-Friday,2:00 PM,,,1065,1227,2292
King George Boulevard South of 72 Avenue,Monday-Friday,3:00 PM,,,1107,1287,2394
King George Boulevard South of 72 Avenue,Monday-Friday,4:00 PM,,,1099,1339,2438
King George Boulevard South of 72 Avenue,Monday-Friday,5:00 PM,,,1053,1275,2328
King George Boulevard South of 72 Avenue,Monday-Friday,6:00 PM,,,937,1025,1962
King George Boulevard South of 72 Avenue,Monday-Friday,7:00 PM,,,777,889,1666
King George Boulevard South of 72 Avenue,Monday-Friday,8:00 PM,,,623,782,1405
King George Boulevard South of 72 Avenue,Monday-Friday,9:00 PM,,,557,609,1166
King George Boulevard South of 72 Avenue,Monday-Friday,10:00 PM,,,409,472,881
King George Boulevard South of 72 Avenue,Monday-Friday,11:00 PM,,,301,264,565
King George Boulevard South of 72 Avenue,Saturday-Sunday,12:00 AM,,,171,183,354
King George Boulevard South of 72 Avenue,Saturday-Sunday,1:00 AM,,,111,132,243
King George Boulevard South of 72 Avenue,Saturday-Sunday,2:00 AM,,,78,86,164
King George Boulevard South of 72 Avenue,Saturday-Sunday,3:00 AM,,,57,60,117
King George Boulevard South of 72 Avenue,Saturday-Sunday,4:00 AM,,,63,68,131
King George Boulevard South of 72 Avenue,Saturday-Sunday,5:00 AM,,,98,114,212
King George Boulevard South of 72 Avenue,Saturday-Sunday,6:00 AM,,,191,186,377
King George Boulevard South of 72 Avenue,Saturday-Sunday,7:00 AM,,,254,267,521
King George Boulevard South of 72 Avenue,Saturday-Sunday,8:00 AM,,,373,343,716
King George Boulevard South of 72 Avenue,Saturday-Sunday,9:00 AM,,,547,463,1010
King George Boulevard South of 72 Avenue,Saturday-Sunday,10:00 AM,,,663,589,1252
King George Boulevard South of 72 Avenue,Saturday-Sunday,11:00 AM,,,706,727,1433
King George Boulevard South of 72 Avenue,Saturday-Sunday,12:00 PM,,,731,766,1497
King George Boulevard South of 72 Avenue,Saturday-Sunday,1:00 PM,,,747,828,1575
King George Boulevard South of 72 Avenue,Saturday-Sunday,2:00 PM,,,744,853,1597
King George Boulevard South of 72 Avenue,Saturday-Sunday,3:00 PM,,,734,801,1535
King George Boulevard South of 72 Avenue,Saturday-Sunday,4:00 PM,,,706,785,1491
King George Boulevard South of 72 Avenue,Saturday-Sunday,5:00 PM,,,639,690,1329
King George Boulevard South of 72 Avenue,Saturday-Sunday,6:00 PM,,,606,581,1187
King George Boulevard South of 72 Avenue,Saturday-Sunday,7:00 PM,,,511,528,1039
King George Boulevard South of 72 Avenue,Saturday-Sunday,8:00 PM,,,476,460,936
King George Boulevard South of 72 Avenue,Saturday-Sunday,9:00 PM,,,433,382,815
King George Boulevard South of 72 Avenue,Saturday-Sunday,10:00 PM,,,334,337,671
King George Boulevard South of 72 Avenue,Saturday-Sunday,11:00 PM,,,243,224,467
152 Street South of 70 Avenue,Monday-Friday,12:00 AM,,,117,102,219
152 Street South of 70 Avenue,Monday-Friday,1:00 AM,,,65,58,123
152 Street South of 70 Avenue,Monday-Friday,2:00 AM,,,39,47,86
152 Street South of 70 Avenue,Monday-Friday,3:00 AM,,,39,46,85
152 Street South of 70 Avenue,Monday-Friday,4:00 AM,,,84,109,193
152 Street South of 70 Avenue,Monday-Friday,5:00 AM,,,306,390,696
152 Street South of 70 Avenue,Monday-Friday,6:00 AM,,,605,852,1457
152 Street South of 70 Avenue,Monday-Friday,7:00 AM,,,802,1024,1826
152 Street South of 70 Avenue,Monday-Friday,8:00 AM,,,812,977,1789
152 Street South of 70 Avenue,Monday-Friday,9:00 AM,,,732,843,1575
152 Street South of 70 Avenue,Monday-Friday,10:00 AM,,,755,844,1599
152 Street South of 70 Avenue,Monday-Friday,11:00 AM,,,823,876,1699
152 Street South of 70 Avenue,Monday-Friday,12:00 PM,,,857,908,1765
152 Street South of 70 Avenue,Monday-Friday,1:00 PM,,,893,944,1837
152 Street South of 70 Avenue,Monday-Friday,2:00 PM,,,974,1013,1987
152 Street South of 70 Avenue,Monday-Friday,3:00 PM,,,1178,1111,2289
152 Street South of 70 Avenue,Monday-Friday,4:00 PM,,,1198,1181,2379
152 Street South of 70 Avenue,Monday-Friday,5:00 PM,,,1153,1141,2294
152 Street South of 70 Avenue,Monday-Friday,6:00 PM,,,938,973,1911
152 Street South of 70 Avenue,Monday-Friday,7:00 PM,,,791,772,1563
152 Street South of 70 Avenue,Monday-Friday,8:00 PM,,,731,635,1366
152 Street South of 70 Avenue,Monday-Friday,9:00 PM,,,633,525,1158
152 Street South of 70 Avenue,Monday-Friday,10:00 PM,,,473,375,848
152 Street South of 70 Avenue,Monday-Friday,11:00 PM,,,294,215,509
152 Street South of 70 Avenue,Saturday-Sunday,12:00 AM,,,195,182,377
152 Street South of 70 Avenue,Saturday-Sunday,1:00 AM,,,120,109,229
152 Street South of 70 Avenue,Saturday-Sunday,2:00 AM,,,74,77,151
152 Street South of 70 Avenue,Saturday-Sunday,3:00 AM,,,53,59,112
152 Street South of 70 Avenue,Saturday-Sunday,4:00 AM,,,53,69,122
152 Street South of 70 Avenue,Saturday-Sunday,5:00 AM,,,124,150,274
152 Street South of 70 Avenue,Saturday-Sunday,6:00 AM,,,190,316,506
152 Street South of 70 Avenue,Saturday-Sunday,7:00 AM,,,300,398,698
152 Street South of 70 Avenue,Saturday-Sunday,8:00 AM,,,419,564,983
152 Street South of 70 Avenue,Saturday-Sunday,9:00 AM,,,592,741,1333
152 Street South of 70 Avenue,Saturday-Sunday,10:00 AM,,,691,800,1491
152 Street South of 70 Avenue,Saturday-Sunday,11:00 AM,,,768,881,1649
152 Street South of 70 Avenue,Saturday-Sunday,12:00 PM,,,845,861,1706
152 Street South of 70 Avenue,Saturday-Sunday,1:00 PM,,,884,894,1778
152 Street South of 70 Avenue,Saturday-Sunday,2:00 PM,,,849,918,1767
152 Street South of 70 Avenue,Saturday-Sunday,3:00 PM,,,896,883,1779
152 Street South of 70 Avenue,Saturday-Sunday,4:00 PM,,,864,891,1755
152 Street South of 70 Avenue,Saturday-Sunday,5:00 PM,,,826,843,1669
152 Street South of 70 Avenue,Saturday-Sunday,6:00 PM,,,792,800,1592
152 Street South of 70 Avenue,Saturday-Sunday,7:00 PM,,,708,660,1368
152 Street South of 70 Avenue,Saturday-Sunday,8:00 PM,,,674,529,1203
152 Street South of 70 Avenue,Saturday-Sunday,9:00 PM,,,593,454,1047
152 Street South of 70 Avenue,Saturday-Sunday,10:00 PM,,,456,379,835
152 Street South of 70 Avenue,Saturday-Sunday,11:00 PM,,,295,241,536
152 Street South of 99 Avenue,Monday-Friday,12:00 AM,,,130,198,328
152 Street South of 99 Avenue,Monday-Friday,1:00 AM,,,80,102,182
152 Street South of 99 Avenue,Monday-Friday,2:00 AM,,,53,74,127
152 Street South of 99 Avenue,Monday-Friday,3:00 AM,,,45,51,96
152 Street South of 99 Avenue,Monday-Friday,4:00 AM,,,101,61,162
152 Street South of 99 Avenue,Monday-Friday,5:00 AM,,,352,162,514
152 Street South of 99 Avenue,Monday-Friday,6:00 AM,,,744,485,1229
152 Street South of 99 Avenue,Monday-Friday,7:00 AM,,,932,712,1644
152 Street South of 99 Avenue,Monday-Friday,8:00 AM,,,1059,799,1858
152 Street South of 99 Avenue,Monday-Friday,9:00 AM,,,969,778,1747
152 Street South of 99 Avenue,Monday-Friday,10:00 AM,,,962,837,1799
152 Street South of 99 Avenue,Monday-Friday,11:00 AM,,,1013,938,1951
152 Street South of 99 Avenue,Monday-Friday,12:00 PM,,,1088,1046,2134
152 Street South of 99 Avenue,Monday-Friday,1:00 PM,,,1060,1091,2151
152 Street South of 99 Avenue,Monday-Friday,2:00 PM,,,1031,1196,2227
152 Street South of 99 Avenue,Monday-Friday,3:00 PM,,,1129,1430,2559
152 Street South of 99 Avenue,Monday-Friday,4:00 PM,,,1144,1508,2652
152 Street South of 99 Avenue,Monday-Friday,5:00 PM,,,1113,1496,2609
152 Street South of 99 Avenue,Monday-Friday,6:00 PM,,,982,1231,2213
152 Street South of 99 Avenue,Monday-Friday,7:00 PM,,,794,969,1763
152 Street South of 99 Avenue,Monday-Friday,8:00 PM,,,650,802,1452
152 Street South of 99 Avenue,Monday-Friday,9:00 PM,,,614,772,1386
152 Street South of 99 Avenue,Monday-Friday,10:00 PM,,,449,509,958
152 Street South of 99 Avenue,Monday-Friday,11:00 PM,,,268,353,621
152 Street South of 99 Avenue,Saturday-Sunday,12:00 AM,,,226,324,550
152 Street South of 99 Avenue,Saturday-Sunday,1:00 AM,,,144,184,328
152 Street South of 99 Avenue,Saturday-Sunday,2:00 AM,,,90,126,216
152 Street South of 99 Avenue,Saturday-Sunday,3:00 AM,,,68,90,158
152 Street South of 99 Avenue,Saturday-Sunday,4:00 AM,,,70,74,144
152 Street South of 99 Avenue,Saturday-Sunday,5:00 AM,,,124,96,220
152 Street South of 99 Avenue,Saturday-Sunday,6:00 AM,,,227,185,412
152 Street South of 99 Avenue,Saturday-Sunday,7:00 AM,,,333,272,605
152 Street South of 99 Avenue,Saturday-Sunday,8:00 AM,,,477,395,872
152 Street South of 99 Avenue,Saturday-Sunday,9:00 AM,,,705,577,1282
152 Street South of 99 Avenue,Saturday-Sunday,10:00 AM,,,868,727,1595
152 Street South of 99 Avenue,Saturday-Sunday,11:00 AM,,,958,863,1821
152 Street South of 99 Avenue,Saturday-Sunday,12:00 PM,,,1029,984,2013
152 Street South of 99 Avenue,Saturday-Sunday,1:00 PM,,,992,1066,2058
152 Street South of 99 Avenue,Saturday-Sunday,2:00 PM,,,963,1101,2064
152 Street South of 99 Avenue,Saturday-Sunday,3:00 PM,,,961,1111,2072
152 Street South of 99 Avenue,Saturday-Sunday,4:00 PM,,,917,1081,1998
152 Street South of 99 Avenue,Saturday-Sunday,5:00 PM,,,843,1100,1943
152 Street South of 99 Avenue,Saturday-Sunday,6:00 PM,,,762,1027,1789
152 Street South of 99 Avenue,Saturday-Sunday,7:00 PM,,,670,763,1433
152 Street South of 99 Avenue,Saturday-Sunday,8:00 PM,,,619,638,1257
152 Street South of 99 Avenue,Saturday-Sunday,9:00 PM,,,564,596,1160
152 Street South of 99 Avenue,Saturday-Sunday,10:00 PM,,,484,478,962
152 Street South of 99 Avenue,Saturday-Sunday,11:00 PM,,,318,377,695
Fraser Highway East of 188 Street,Monday-Friday,12:00 AM,59,78,,,137
Fraser Highway East of 188 Street,Monday-Friday,1:00 AM,31,56,,,87
Fraser Highway East of 188 Street,Monday-Friday,2:00 AM,22,28,,,50
Fraser Highway East of 188 Street,Monday-Friday,3:00 AM,38,34,,,72
Fraser Highway East of 188 Street,Monday-Friday,4:00 AM,102,88,,,190
Fraser Highway East of 188 Street,Monday-Friday,5:00 AM,205,323,,,528
Fraser Highway East of 188 Street,Monday-Friday,6:00 AM,460,547,,,1007
Fraser Highway East of 188 Street,Monday-Friday,7:00 AM,619,574,,,1193
Fraser Highway East of 188 Street,Monday-Friday,8:00 AM,688,504,,,1192
Fraser Highway East of 188 Street,Monday-Friday,9:00 AM,674,536,,,1210
Fraser Highway East of 188 Street,Monday-Friday,10:00 AM,735,642,,,1377
Fraser Highway East of 188 Street,Monday-Friday,11:00 AM,759,742,,,1501
Fraser Highway East of 188 Street,Monday-Friday,12:00 PM,747,784,,,1531
Fraser Highway East of 188 Street,Monday-Friday,1:00 PM,719,803,,,1522
Fraser Highway East of 188 Street,Monday-Friday,2:00 PM,750,929,,,1679
Fraser Highway East of 188 Street,Monday-Friday,3:00 PM,838,1021,,,1859
Fraser Highway East of 188 Street,Monday-Friday,4:00 PM,854,1080,,,1934
Fraser Highway East of 188 Street,Monday-Friday,5:00 PM,766,1016,,,1782
Fraser Highway East of 188 Street,Monday-Friday,6:00 PM,644,784,,,1428
Fraser Highway East of 188 Street,Monday-Friday,7:00 PM,508,645,,,1153
Fraser Highway East of 188 Street,Monday-Friday,8:00 PM,380,608,,,988
Fraser Highway East of 188 Street,Monday-Friday,9:00 PM,300,495,,,795
Fraser Highway East of 188 Street,Monday-Friday,10:00 PM,202,315,,,517
Fraser Highway East of 188 Street,Monday-Friday,11:00 PM,126,188,,,314
Fraser Highway East of 188 Street,Saturday-Sunday,12:00 AM,118,119,,,237
Fraser Highway East of 188 Street,Saturday-Sunday,1:00 AM,65,100,,,165
Fraser Highway East of 188 Street,Saturday-Sunday,2:00 AM,41,63,,,104
Fraser Highway East of 188 Street,Saturday-Sunday,3:00 AM,30,46,,,76
Fraser Highway East of 188 Street,Saturday-Sunday,4:00 AM,36,37,,,73
Fraser Highway East of 188 Street,Saturday-Sunday,5:00 AM,76,71,,,147
Fraser Highway East of 188 Street,Saturday-Sunday,6:00 AM,182,128,,,310
Fraser Highway East of 188 Street,Saturday-Sunday,7:00 AM,249,184,,,433
Fraser Highway East of 188 Street,Saturday-Sunday,8:00 AM,418,246,,,664
Fraser Highway East of 188 Street,Saturday-Sunday,9:00 AM,550,388,,,938
Fraser Highway East of 188 Street,Saturday-Sunday,10:00 AM,688,529,,,1217
Fraser Highway East of 188 Street,Saturday-Sunday,11:00 AM,716,664,,,1380
Fraser Highway East of 188 Street,Saturday-Sunday,12:00 PM,709,745,,,1454
Fraser Highway East of 188 Street,Saturday-Sunday,1:00 PM,669,783,,,1452
Fraser Highway East of 188 Street,Saturday-Sunday,2:00 PM,662,806,,,1468
Fraser Highway East of 188 Street,Saturday-Sunday,3:00 PM,597,837,,,1434
Fraser Highway East of 188 Street,Saturday-Sunday,4:00 PM,535,815,,,1350
Fraser Highway East of 188 Street,Saturday-Sunday,5:00 PM,444,755,,,1199
Fraser Highway East of 188 Street,Saturday-Sunday,6:00 PM,373,582,,,955
Fraser Highway East of 188 Street,Saturday-Sunday,7:00 PM,326,446,,,772
Fraser Highway East of 188 Street,Saturday-Sunday,8:00 PM,268,412,,,680
Fraser Highway East of 188 Street,Saturday-Sunday,9:00 PM,237,363,,,600
Fraser Highway East of 188 Street,Saturday-Sunday,10:00 PM,179,267,,,446
Fraser Highway East of 188 Street,Saturday-Sunday,11:00 PM,123,172,,,295
King George Boulevard North of 34 Avenue,Monday-Friday,12:00 AM,,,51,54,105
King George Boulevard North of 34 Avenue,Monday-Friday,1:00 AM,,,28,36,64
King George Boulevard North of 34 Avenue,Monday-Friday,2:00 AM,,,18,20,38
King George Boulevard North of 34 Avenue,Monday-Friday,3:00 AM,,,17,15,32
King George Boulevard North of 34 Avenue,Monday-Friday,4:00 AM,,,47,33,80
King George Boulevard North of 34 Avenue,Monday-Friday,5:00 AM,,,152,94,246
King George Boulevard North of 34 Avenue,Monday-Friday,6:00 AM,,,376,275,651
King George Boulevard North of 34 Avenue,Monday-Friday,7:00 AM,,,492,390,882
King George Boulevard North of 34 Avenue,Monday-Friday,8:00 AM,,,485,501,986
King George Boulevard North of 34 Avenue,Monday-Friday,9:00 AM,,,461,480,941
King George Boulevard North of 34 Avenue,Monday-Friday,10:00 AM,,,496,512,1008
King George Boulevard North of 34 Avenue,Monday-Friday,11:00 AM,,,550,572,1122
King George Boulevard North of 34 Avenue,Monday-Friday,12:00 PM,,,558,576,1134
King George Boulevard North of 34 Avenue,Monday-Friday,1:00 PM,,,554,586,1140
King George Boulevard North of 34 Avenue,Monday-Friday,2:00 PM,,,588,645,1233
King George Boulevard North of 34 Avenue,Monday-Friday,3:00 PM,,,628,662,1290
King George Boulevard North of 34 Avenue,Monday-Friday,4:00 PM,,,621,723,1344
King George Boulevard North of 34 Avenue,Monday-Friday,5:00 PM,,,593,718,1311
King George Boulevard North of 34 Avenue,Monday-Friday,6:00 PM,,,475,587,1062
King George Boulevard North of 34 Avenue,Monday-Friday,7:00 PM,,,406,443,849
King George Boulevard North of 34 Avenue,Monday-Friday,8:00 PM,,,368,369,737
King George Boulevard North of 34 Avenue,Monday-Friday,9:00 PM,,,317,295,612
King George Boulevard North of 34 Avenue,Monday-Friday,10:00 PM,,,242,201,443
King George Boulevard North of 34 Avenue,Monday-Friday,11:00 PM,,,146,108,254
King George Boulevard North of 34 Avenue,Saturday-Sunday,12:00 AM,,,86,93,179
King George Boulevard North of 34 Avenue,Saturday-Sunday,1:00 AM,,,50,50,100
King George Boulevard North of 34 Avenue,Saturday-Sunday,2:00 AM,,,44,33,77
King George Boulevard North of 34 Avenue,Saturday-Sunday,3:00 AM,,,23,23,46
King George Boulevard North of 34 Avenue,Saturday-Sunday,4:00 AM,,,23,24,47
King George Boulevard North of 34 Avenue,Saturday-Sunday,5:00 AM,,,48,50,98
King George Boulevard North of 34 Avenue,Saturday-Sunday,6:00 AM,,,99,166,265
King George Boulevard North of 34 Avenue,Saturday-Sunday,7:00 AM,,,150,170,320
King George Boulevard North of 34 Avenue,Saturday-Sunday,8:00 AM,,,212,289,501
King George Boulevard North of 34 Avenue,Saturday-Sunday,9:00 AM,,,323,375,698
King George Boulevard North of 34 Avenue,Saturday-Sunday,10:00 AM,,,420,467,887
King George Boulevard North of 34 Avenue,Saturday-Sunday,11:00 AM,,,499,529,1028
King George Boulevard North of 34 Avenue,Saturday-Sunday,12:00 PM,,,533,551,1084
King George Boulevard North of 34 Avenue,Saturday-Sunday,1:00 PM,,,562,599,1161
King George Boulevard North of 34 Avenue,Saturday-Sunday,2:00 PM,,,582,622,1204
King George Boulevard North of 34 Avenue,Saturday-Sunday,3:00 PM,,,593,598,1191
King George Boulevard North of 34 Avenue,Saturday-Sunday,4:00 PM,,,552,562,1114
King George Boulevard North of 34 Avenue,Saturday-Sunday,5:00 PM,,,481,511,992
King George Boulevard North of 34 Avenue,Saturday-Sunday,6:00 PM,,,406,423,829
King George Boulevard North of 34 Avenue,Saturday-Sunday,7:00 PM,,,341,372,713
King George Boulevard North of 34 Avenue,Saturday-Sunday,8:00 PM,,,317,318,635
King George Boulevard North of 34 Avenue,Saturday-Sunday,9:00 PM,,,300,266,566
King George Boulevard North of 34 Avenue,Saturday-Sunday,10:00 PM,,,229,217,446
King George Boulevard North of 34 Avenue,Saturday-Sunday,11:00 PM,,,147,117,264
King George Boulevard South of 72 Avenue,Monday-Friday,12:00 AM,,,149,179,328
King George Boulevard South of 72 Avenue,Monday-Friday,1:00 AM,,,89,107,196
King George Boulevard South of 72 Avenue,Monday-Friday,2:00 AM,,,64,75,139
King George Boulevard South of 72 Avenue,Monday-Friday,3:00 AM,,,67,71,138
King George Boulevard South of 72 Avenue,Monday-Friday,4:00 AM,,,129,111,240
King George Boulevard South of 72 Avenue,Monday-Friday,5:00 AM,,,337,249,586
King George Boulevard South of 72 Avenue,Monday-Friday,6:00 AM,,,749,542,1291
King George Boulevard South of 72 Avenue,Monday-Friday,7:00 AM,,,1095,720,1815
King George Boulevard South of 72 Avenue,Monday-Friday,8:00 AM,,,1067,840,1907
King George Boulevard South of 72 Avenue,Monday-Friday,9:00 AM,,,979,771,1750
King George Boulevard South of 72 Avenue,Monday-Friday,10:00 AM,,,1034,917,1951
King George Boulevard South of 72 Avenue,Monday-Friday,11:00 AM,,,1035,1065,2100
King George Boulevard South of 72 Avenue,Monday-Friday,12:00 PM,,,1103,1140,2243
King George Boulevard South of 72 Avenue,Monday-Friday,1:00 PM,,,1087,1188,2275
King George Boulevard South of 72 Avenue,Monday-Friday,2:00 PM,,,1065,1227,2292
King George Boulevard South of 72 Avenue,Monday-Friday,3:00 PM,,,1107,1287,2394
King George Boulevard South of 72 Avenue,Monday-Friday,4:00 PM,,,1099,1339,2438
King George Boulevard South of 72 Avenue,Monday-Friday,5:00 PM,,,1053,1275,2328
King George Boulevard South of 72 Avenue,Monday-Friday,6:00 PM,,,937,1025,1962
King George Boulevard South of 72 Avenue,Monday-Friday,7:00 PM,,,777,889,1666
King George Boulevard South of 72 Avenue,Monday-Friday,8:00 PM,,,623,782,1405
King George Boulevard South of 72 Avenue,Monday-Friday,9:00 PM,,,557,609,1166
King George Boulevard South of 72 Avenue,Monday-Friday,10:00 PM,,,409,472,881
King George Boulevard South of 72 Avenue,Monday-Friday,11:00 PM,,,301,264,565
King George Boulevard South of 72 Avenue,Saturday-Sunday,12:00 AM,,,171,183,354
King George Boulevard South of 72 Avenue,Saturday-Sunday,1:00 AM,,,111,132,243
King George Boulevard South of 72 Avenue,Saturday-Sunday,2:00 AM,,,78,86,164
King George Boulevard South of 72 Avenue,Saturday-Sunday,3:00 AM,,,57,60,117
King George Boulevard South of 72 Avenue,Saturday-Sunday,4:00 AM,,,63,68,131
King George Boulevard South of 72 Avenue,Saturday-Sunday,5:00 AM,,,98,114,212
King George Boulevard South of 72 Avenue,Saturday-Sunday,6:00 AM,,,191,186,377
King George Boulevard South of 72 Avenue,Saturday-Sunday,7:00 AM,,,254,267,521
King George Boulevard South of 72 Avenue,Saturday-Sunday,8:00 AM,,,373,343,716
King George Boulevard South of 72 Avenue,Saturday-Sunday,9:00 AM,,,547,463,1010
King George Boulevard South of 72 Avenue,Saturday-Sunday,10:00 AM,,,663,589,1252
King George Boulevard South of 72 Avenue,Saturday-Sunday,11:00 AM,,,706,727,1433
King George Boulevard South of 72 Avenue,Saturday-Sunday,12:00 PM,,,731,766,1497
King George Boulevard South of 72 Avenue,Saturday-Sunday,1:00 PM,,,747,828,1575
King George Boulevard South of 72 Avenue,Saturday-Sunday,2:00 PM,,,744,853,1597
King George Boulevard South of 72 Avenue,Saturday-Sunday,3:00 PM,,,734,801,1535
King George Boulevard South of 72 Avenue,Saturday-Sunday,4:00 PM,,,706,785,1491
King George Boulevard South of 72 Avenue,Saturday-Sunday,5:00 PM,,,639,690,1329
King George Boulevard South of 72 Avenue,Saturday-Sunday,6:00 PM,,,606,581,1187
King George Boulevard South of 72 Avenue,Saturday-Sunday,7:00 PM,,,511,528,1039
King George Boulevard South of 72 Avenue,Saturday-Sunday,8:00 PM,,,476,460,936
King George Boulevard South of 72 Avenue,Saturday-Sunday,9:00 PM,,,433,382,815
King George Boulevard South of 72 Avenue,Saturday-Sunday,10:00 PM,,,334,337,671
King George Boulevard South of 72 Avenue,Saturday-Sunday,11:00 PM,,,243,224,467
Patullo Bridge,Monday-Friday,12:00 AM,,,488,332,820
Patullo Bridge,Monday-Friday,1:00 AM,,,287,196,483
Patullo Bridge,Monday-Friday,2:00 AM,,,202,148,350
Patullo Bridge,Monday-Friday,3:00 AM,,,164,164,328
Patullo Bridge,Monday-Friday,4:00 AM,,,231,403,634
Patullo Bridge,Monday-Friday,5:00 AM,,,593,1582,2175
Patullo Bridge,Monday-Friday,6:00 AM,,,1429,2877,4306
Patullo Bridge,Monday-Friday,7:00 AM,,,1811,2598,4409
Patullo Bridge,Monday-Friday,8:00 AM,,,1691,2477,4168
Patullo Bridge,Monday-Friday,9:00 AM,,,1489,2141,3630
Patullo Bridge,Monday-Friday,10:00 AM,,,1449,1875,3324
Patullo Bridge,Monday-Friday,11:00 AM,,,1634,1900,3534
Patullo Bridge,Monday-Friday,12:00 PM,,,1789,1936,3725
Patullo Bridge,Monday-Friday,1:00 PM,,,1922,1933,3855
Patullo Bridge,Monday-Friday,2:00 PM,,,2329,2068,4397
Patullo Bridge,Monday-Friday,3:00 PM,,,2517,2242,4759
Patullo Bridge,Monday-Friday,4:00 PM,,,2644,2434,5078
Patullo Bridge,Monday-Friday,5:00 PM,,,2801,2368,5169
Patullo Bridge,Monday-Friday,6:00 PM,,,2452,1887,4339
Patullo Bridge,Monday-Friday,7:00 PM,,,1891,1445,3336
Patullo Bridge,Monday-Friday,8:00 PM,,,1502,1167,2669
Patullo Bridge,Monday-Friday,9:00 PM,,,1378,1105,2483
Patullo Bridge,Monday-Friday,10:00 PM,,,1146,960,2106
Patullo Bridge,Monday-Friday,11:00 PM,,,900,607,1507
Patullo Bridge,Saturday-Sunday,12:00 AM,,,656,435,1091
Patullo Bridge,Saturday-Sunday,1:00 AM,,,398,280,678
Patullo Bridge,Saturday-Sunday,2:00 AM,,,292,190,482
Patullo Bridge,Saturday-Sunday,3:00 AM,,,219,137,356
Patullo Bridge,Saturday-Sunday,4:00 AM,,,207,190,397
Patullo Bridge,Saturday-Sunday,5:00 AM,,,229,379,608
Patullo Bridge,Saturday-Sunday,6:00 AM,,,397,725,1122
Patullo Bridge,Saturday-Sunday,7:00 AM,,,575,737,1312
Patullo Bridge,Saturday-Sunday,8:00 AM,,,655,993,1648
Patullo Bridge,Saturday-Sunday,9:00 AM,,,912,1294,2206
Patullo Bridge,Saturday-Sunday,10:00 AM,,,1074,1461,2535
Patullo Bridge,Saturday-Sunday,11:00 AM,,,1238,1517,2755
Patullo Bridge,Saturday-Sunday,12:00 PM,,,1324,1626,2950
Patullo Bridge,Saturday-Sunday,1:00 PM,,,1412,1715,3127
Patullo Bridge,Saturday-Sunday,2:00 PM,,,1486,1726,3212
Patullo Bridge,Saturday-Sunday,3:00 PM,,,1628,1578,3206
Patullo Bridge,Saturday-Sunday,4:00 PM,,,1567,1546,3113
Patullo Bridge,Saturday-Sunday,5:00 PM,,,1516,1464,2980
Patullo Bridge,Saturday-Sunday,6:00 PM,,,1647,1472,3119
Patullo Bridge,Saturday-Sunday,7:00 PM,,,1463,1220,2683
Patullo Bridge,Saturday-Sunday,8:00 PM,,,1260,1100,2360
Patullo Bridge,Saturday-Sunday,9:00 PM,,,1156,1067,2223
Patullo Bridge,Saturday-Sunday,10:00 PM,,,1054,1003,2057
Patullo Bridge,Saturday-Sunday,11:00 PM,,,908,680,1588
Scott Road North of 72 Avenue,Monday-Friday,12:00 AM,,,127,106,233
Scott Road North of 72 Avenue,Monday-Friday,1:00 AM,,,66,60,126
Scott Road North of 72 Avenue,Monday-Friday,2:00 AM,,,44,46,90
Scott Road North of 72 Avenue,Monday-Friday,3:00 AM,,,42,51,93
Scott Road North of 72 Avenue,Monday-Friday,4:00 AM,,,78,73,151
Scott Road North of 72 Avenue,Monday-Friday,5:00 AM,,,218,241,459
Scott Road North of 72 Avenue,Monday-Friday,6:00 AM,,,399,482,881
Scott Road North of 72 Avenue,Monday-Friday,7:00 AM,,,654,651,1305
Scott Road North of 72 Avenue,Monday-Friday,8:00 AM,,,737,685,1422
Scott Road North of 72 Avenue,Monday-Friday,9:00 AM,,,715,686,1401
Scott Road North of 72 Avenue,Monday-Friday,10:00 AM,,,823,782,1605
Scott Road North of 72 Avenue,Monday-Friday,11:00 AM,,,930,947,1877
Scott Road North of 72 Avenue,Monday-Friday,12:00 PM,,,969,950,1919
Scott Road North of 72 Avenue,Monday-Friday,1:00 PM,,,987,976,1963
Scott Road North of 72 Avenue,Monday-Friday,2:00 PM,,,1014,977,1991
Scott Road North of 72 Avenue,Monday-Friday,3:00 PM,,,1075,1048,2123
Scott Road North of 72 Avenue,Monday-Friday,4:00 PM,,,1111,1068,2179
Scott Road North of 72 Avenue,Monday-Friday,5:00 PM,,,1050,1047,2097
Scott Road North of 72 Avenue,Monday-Friday,6:00 PM,,,925,955,1880
Scott Road North of 72 Avenue,Monday-Friday,7:00 PM,,,809,822,1631
Scott Road North of 72 Avenue,Monday-Friday,8:00 PM,,,675,700,1375
Scott Road North of 72 Avenue,Monday-Friday,9:00 PM,,,540,533,1073
Scott Road North of 72 Avenue,Monday-Friday,10:00 PM,,,367,370,737
Scott Road North of 72 Avenue,Monday-Friday,11:00 PM,,,216,201,417
Scott Road North of 72 Avenue,Saturday-Sunday,12:00 AM,,,195,171,366
Scott Road North of 72 Avenue,Saturday-Sunday,1:00 AM,,,105,101,206
Scott Road North of 72 Avenue,Saturday-Sunday,2:00 AM,,,69,69,138
Scott Road North of 72 Avenue,Saturday-Sunday,3:00 AM,,,54,58,112
Scott Road North of 72 Avenue,Saturday-Sunday,4:00 AM,,,63,55,118
Scott Road North of 72 Avenue,Saturday-Sunday,5:00 AM,,,89,113,202
Scott Road North of 72 Avenue,Saturday-Sunday,6:00 AM,,,146,191,337
Scott Road North of 72 Avenue,Saturday-Sunday,7:00 AM,,,252,258,510
Scott Road North of 72 Avenue,Saturday-Sunday,8:00 AM,,,405,399,804
Scott Road North of 72 Avenue,Saturday-Sunday,9:00 AM,,,606,612,1218
Scott Road North of 72 Avenue,Saturday-Sunday,10:00 AM,,,799,775,1574
Scott Road North of 72 Avenue,Saturday-Sunday,11:00 AM,,,880,878,1758
Scott Road North of 72 Avenue,Saturday-Sunday,12:00 PM,,,945,921,1866
Scott Road North of 72 Avenue,Saturday-Sunday,1:00 PM,,,984,936,1920
Scott Road North of 72 Avenue,Saturday-Sunday,2:00 PM,,,943,928,1871
Scott Road North of 72 Avenue,Saturday-Sunday,3:00 PM,,,935,895,1830
Scott Road North of 72 Avenue,Saturday-Sunday,4:00 PM,,,886,868,1754
Scott Road North of 72 Avenue,Saturday-Sunday,5:00 PM,,,813,789,1602
Scott Road North of 72 Avenue,Saturday-Sunday,6:00 PM,,,732,704,1436
Scott Road North of 72 Avenue,Saturday-Sunday,7:00 PM,,,663,649,1312
Scott Road North of 72 Avenue,Saturday-Sunday,8:00 PM,,,568,532,1100
Scott Road North of 72 Avenue,Saturday-Sunday,9:00 PM,,,496,440,936
Scott Road North of 72 Avenue,Saturday-Sunday,10:00 PM,,,365,343,708
Scott Road North of 72 Avenue,Saturday-Sunday,11:00 PM,,,215,224,439
