LOCATION,NAME,FACILITY_TYPE,WEBLINK,FACILITY_SUBTYPE,FACILITYID,LONGITUDE,LATITUDE
10504 139 ST,Our Lady Of Good Counsel,School,http://www.olgcschool.ca,Private,1001254922,-122.8353677,49.19346605
,Pacific Highway Border Crossing (Truck Crossing),Other,,,1001263698,-122.7341478,49.00301105
15181 FRASER HWY,Mr. Lube (Fleetwood),Garbage and Recycling,http://www.mrlube.com/en/Mr-Lube-Near-You/Locate-a-Mr-Lube/surrey-15181-fraser-highway.aspx?storeid=34&code=pc,Used Oil,1001254438,-122.8017491,49.16691268
8305 122A ST,Kennedy Trail Elementary School,School,https://www.surreyschools.ca/schools/kennedytrail/Pages/default.aspx,Elementary,1001251320,-122.8835609,49.15400798
13484 24 AVE,Elgin Park Secondary School,School,https://www.surreyschools.ca/schools/elginpark/Pages/default.aspx,Secondary,1001254156,-122.8484479,49.04461296
1730 142 ST,Bayridge Elementary School,School,https://www.surreyschools.ca/schools/bayridge/Pages/default.aspx,Elementary,1001267692,-122.8279786,49.03383901
13750 96 AVE,Surrey Memorial Hospital,Hospital,http://www.fraserhealth.ca/find_us/locations/our_locations?site_id=1792,,1001253734,-122.842543,49.17584644
14590 116A AVE,Iqra Islamic School,School,http://www.iqraschool.com,Private,1001254241,-122.818216,49.21383695
7778 152 ST,Eaglequest Golf Course,Golf,http://www.surrey.ca/culture-recreation/7287.aspx,,1001266716,-122.7994544,49.14393525
15093 FRASER HWY,Fleetwood Bottle Return Depot,Garbage and Recycling,https://www.return-it.ca/locations/fleetwood-bottle-depot/,Bottle Depot,1001270960,-122.8041902,49.16756679
9457 KING GEORGE BLVD,Queen Elizabeth Secondary School,School,https://www.surreyschools.ca/schools/queene/Pages/default.aspx,Secondary,1001264552,-122.847466,49.17452107
1880 LARONDE DR,Laronde (French Immersion) Elementary School,School,https://www.surreyschools.ca/schools/laronde/Pages/default.aspx,Elementary,1001246738,-122.8572599,49.03560735
11665 97 AVE,Royal Heights Elementary School,School,https://www.surreyschools.ca/schools/royalheights/Pages/default.aspx,Elementary,1001251063,-122.8988928,49.17942179
16060 108 ST,Fraser Heights Secondary School,School,https://www.surreyschools.ca/schools/fraserheights/Pages/default.aspx,Secondary,1001247732,-122.7771319,49.19775241
7218 KING GEORGE BLVD,Newton Bottle Depot Inc.,Garbage and Recycling,http://www.encorpinc.com,Bottle Depot,1001269785,-122.8444818,49.13425991
8226 146 ST,Janice Churchill Elementary School,School,https://www.surreyschools.ca/schools/janicechurchill/Pages/default.aspx,Elementary,1001264219,-122.816194,49.15271877
10929 160 ST,Erma Stephenson Elementary School,School,https://www.surreyschools.ca/schools/ermastephenson/Pages/default.aspx,Elementary,1001261444,-122.77949,49.20132827
5404 125A ST,Colebrook Elementary School,School,https://www.surreyschools.ca/schools/colebrook/Pages/default.aspx,Elementary,1001253510,-122.8738165,49.1013949
14123 92 AVE,Surrey Schools - District Education Centre,School,https://www.surreyschools.ca/About/ContactUs/Pages/default.aspx,Administration,1001262908,-122.8336047,49.17052495
12870 72 AVE,Princess Margaret Secondary School,School,http://www.sd36.bc.ca/pmarga/,Secondary,1001249683,-122.8656788,49.13190484
,Surrey Central Inn,Hotel,http://surreycentralinn.com/,,1001254586,-122.8357606,49.19200591
14439 104 AVE,Surrey Board of Trade,Other,http://www.businessinsurrey.com,,1001245453,-122.8221134,49.19180106
7057 191 ST,Hazelgrove Elementary School,School,https://www.surreyschools.ca/schools/hazelgrove/Pages/default.aspx,Elementary,1001251383,-122.6943466,49.13055392
13875 113 AVE,Surrey Traditional Elementary School,School,https://www.surreyschools.ca/schools/surreytraditional/Pages/default.aspx,Elementary,1001249963,-122.8379742,49.2082485
6225 136 ST,Traditional Learning Academy Homeschool Centre,School,http://schoolathome.ca/,Private,1001254142,-122.8458308,49.1159901
,Guildford Town Centre,Shopping Centre,https://www.guildfordtowncentre.com,,1001270132,-122.8040547,49.19003386
10135 132 ST,Old Yale Road Elementary School,School,https://www.surreyschools.ca/schools/oldyaleroad/Pages/default.aspx,Elementary,1001251851,-122.8575902,49.18685622
13585 62 AVE,Surrey Muslim School,School,http://www.surreymuslimschool.ca,Private,1001247571,-122.8457616,49.11563443
9750 140 ST,Jim Pattison Outpatient Care & Surgery Centre,Hospital,http://www.fraserhealth.ca/find-us/locations/our-locations?site_id=2500,,1001267536,-122.8331828,49.17939086
9815 140 ST,Surrey Community Service Centre,Municipal,http://www.scss.ca,,1001249573,-122.8355275,49.18066683
6248 144 ST,Sullivan Heights Secondary School,School,https://www.surreyschools.ca/schools/sullivanheights/Pages/default.aspx,Secondary,1001270687,-122.8216134,49.11638628
12355 PATULLO PL,Bridgeview Bottle & Return-It Depot,Garbage and Recycling,https://www.return-it.ca/locations/bridgeview-bottle-return-it-depot/,Bottle Depot,1001249640,-122.8793872,49.20325161
7599 KING GEORGE BLVD,Canadian Tire (Newton),Garbage and Recycling,http://www.canadiantire.ca/en.html,Used Oil,1001252882,-122.8477372,49.1402545
17465 60 AVE,William of Orange Christian School,School,http://www.credochs.com/wohome.cfm,Private,1001272892,-122.7389142,49.11261572
13367 97 AVE,A.H.P. Matthew Elementary School,School,https://www.surreyschools.ca/schools/ahpmatthew/Pages/default.aspx,Elementary,1001273958,-122.8532931,49.17958585
13140 88 AVE,Jenill Recycling,Garbage and Recycling,http://www.return-it.ca/locations/metro-vancouver/surrey/jenill-recycling/,Bottle Depot,1001255595,-122.8588412,49.16206343
,Ramada,Hotel,http://www.ramadalangleysurrey.com/,,1001269842,-122.69041,49.105219
13838 91 AVE,Creekside Elementary School,School,https://www.surreyschools.ca/schools/creekside/Pages/default.aspx,Elementary,1001269436,-122.8388079,49.1675546
13455 90 AVE,Cindrich Elementary School,School,https://www.surreyschools.ca/schools/cindrich/Pages/default.aspx,Elementary,1001272079,-122.8504806,49.16708525
5228 KING GEORGE BLVD,Birdies & Buckets Family Golf Centre,Golf,http://www.birdiesandbuckets.ca/,,1001261244,-122.8163771,49.09831894
8131 156 ST,Coyote Creek Elementary School,School,https://www.surreyschools.ca/schools/coyotecreek/Pages/default.aspx,Elementary,1001261410,-122.7910104,49.15024379
6329 KING GEORGE BLVD,Newton Learning Centre,School,http://www.sd36.bc.ca,Elementary,1001272561,-122.8462536,49.11798743
12928 66A AVE,Martha Jane Norris Elementary School,School,https://www.surreyschools.ca/schools/marthajanenorris/Pages/default.aspx,Elementary,1001253057,-122.8649517,49.12343164
14525 110A AVE,Ellendale Elementary School,School,https://www.surreyschools.ca/schools/ellendale/Pages/default.aspx,Elementary,1001254227,-122.8197991,49.20358649
13723 CRESCENT RD,Mud Bay Yacht Club,Other Recreation,http://www.cbcyachtclubs.ca/members.htm,,1001275344,-122.842601,49.06553357
,Hampton Inn & Suites by Hilton,Hotel,http://hamptoninn3.hilton.com/en/hotels/british-columbia/hampton-inn-and-suites-by-hilton-langley-surrey-YNJBCHX/index.html,,1001268526,-122.682464,49.10792183
10441 132 ST,Kwantlen Park Secondary School,School,https://www.surreyschools.ca/schools/kwantlenpark/Pages/default.aspx,Secondary,1001274245,-122.8578417,49.19258304
13266 70B AVE,W.E. Kinvig Elementary School,School,https://www.surreyschools.ca/schools/wekinvig/Pages/default.aspx,Elementary,1001269418,-122.8545168,49.13052945
7452 132 AVE,Parks & Recreation Annex Grounds,Other,,,1001261919,-122.8556505,49.1383606
7079 148 ST,T.E. Scott Elementary School,School,https://www.surreyschools.ca/schools/tescott/Pages/default.aspx,Elementary,1001262103,-122.8127574,49.1313762
2656 160 ST,Southridge Senior Secondary School,School,http://www.southridge.bc.ca/,Private,1001283485,-122.7759531,49.05040778
2025 152 ST,North Bluff Shell,Garbage and Recycling,http://www.shell.ca/en/products-services/shell-for-drivers/station-locator.html,Used Oil,1001279002,-122.8017211,49.03875091
14530 104 AVE,Dams Ford Lincoln Sales Ltd.,Garbage and Recycling,http://damsfordloln.dealerconnection.com/,Used Oil,1001279751,-122.820051,49.1907023
18680 72 AVE,Hazelgrove Annex,Recreation Centre,,,1001281125,-122.7049636,49.1331115
16545 61 AVE,A.J. McLellan Elementary School,School,https://www.surreyschools.ca/schools/ajmclellan/Pages/default.aspx,Elementary,1001284098,-122.7636595,49.11413525
16126 93A AVE,Serpentine Heights Elementary School,School,https://www.surreyschools.ca/schools/serpentineheights/Pages/default.aspx,Elementary,1001282866,-122.775448,49.17259998
19233 60 AVE,Latimer Road Elementary School,School,https://www.surreyschools.ca/schools/latimerroad/Pages/default.aspx,Elementary,1001283054,-122.6899692,49.11200141
2199 146 ST,Softball City,Other Recreation,,,1001285772,-122.8157078,49.04325422
17015 FRASER HWY,Fraser Golf Driving Range,Golf,http://www.surrey.ca/culture-recreation/7287.aspx,,1001286785,-122.7499036,49.14568635
17635 58 AVE,Cloverdale Mini Rec Centre,Recreation Centre,http://www.surrey.ca/culture-recreation/8524.aspx,,1001287199,-122.7339484,49.10792653
16590 96 AVE,PLEA (Waypoint) program,School,http://redbookonline.bc211.ca/service/9508129_9508129/waypoint_program,Programs and Services,1001289102,-122.7622813,49.17670418
15372 94 AVE,Berkshire Park Elementary School,School,https://www.surreyschools.ca/schools/berkshirepark/Pages/default.aspx,Elementary,1001293492,-122.7967831,49.17278108
7003 184 ST,Clayton Heights Secondary School,School,https://www.surreyschools.ca/schools/clyhts/Pages/default.aspx,Secondary,1001294474,-122.7032222,49.12892146
8222 168 ST,Coast Meridian Elementary School,School,https://www.surreyschools.ca/schools/coastmeridian/Pages/default.aspx,Elementary,1001291908,-122.7543104,49.15230002
10650 164 ST,Fraser Wood Elementary School,School,https://www.surreyschools.ca/schools/fraserwood/Pages/default.aspx,Elementary,1001291909,-122.7665138,49.19615271
14323 57 AVE,Surrey Pre-Trial Centre,Justice,http://www.provincialcourt.bc.ca,,1001295620,-122.826521,49.10744343
7940 156 ST,Fleetwood Park Secondary School,School,https://www.surreyschools.ca/schools/fltsec/Pages/default.aspx,Secondary,1001299344,-122.788752,49.14759138
11113 148 ST,Pilath Hall House,Community Hall/Centre,,,1001298090,-122.8132127,49.20445719
14505 84 AVE,Enver Creek Secondary School,School,https://www.surreyschools.ca/schools/envercreek/Pages/default.aspx,Secondary,1001302057,-122.8204479,49.15674649
,Comfort Inn & Suites Surrey,Hotel,http://www.comfortinnsurrey.com/,,1001299264,-122.7621614,49.15239931
6700 144 ST,Thomas G. Ellis Facilities Centre,School,https://www.surreyschools.ca/departments/FACL/Pages/default.aspx,Administration,1001297516,-122.8221798,49.12467417
2795 184 ST,East Kensington Elementary School,School,https://www.surreyschools.ca/schools/eastkensington/Pages/default.aspx,Elementary,1001297561,-122.7141651,49.05272613
10752 157 ST,Dogwood Elementary Elementary School,School,https://www.surreyschools.ca/schools/dogwood/Pages/default.aspx,Elementary,1001299949,-122.7860761,49.19789937
13665 102 AVE,Canadian Tire (City Centre),Garbage and Recycling,http://www.canadiantire.ca/en.html,Used Oil,1001302178,-122.8431329,49.18973668
17857 56 AVE,Cloverdale Traditional Elementary School,School,https://www.surreyschools.ca/schools/cloverdaletraditional/Pages/default.aspx,Elementary,1001302403,-122.7281107,49.10470523
,Four Points By Sheraton Surrey,Hotel,http://www.fourpointssurrey.com/,,1001300318,-122.7834506,49.19209288
6016 152 ST,Sullivan Elementary School,School,https://www.surreyschools.ca/schools/sullivan/Pages/default.aspx,Elementary,1001303893,-122.7998336,49.11209345
3487 KING GEORGE BLVD,Heritage Christian School,School,http://www.hcs-whiterock.ca,Private,1001303298,-122.8184636,49.06475098
14724 84 AVE,Cornerstone Kindergarten,School,http://www.cornerstone-montessori.ca,Private,1001308697,-122.8143859,49.15503796
17148 26 AVE,Pacific Heights Elementary School,School,https://www.surreyschools.ca/schools/pacificheights/Pages/default.aspx,Elementary,1001306909,-122.7484525,49.04841531
18620 56 AVE,Relevant High School,School,http://www.relevanthighschool.ca,Private,1001305487,-122.7062708,49.10350864
18690 60 AVE,Sunrise Ridge Elementary School,School,https://www.surreyschools.ca/schools/sunriseridge/Pages/default.aspx,Elementary,1001305867,-122.7043356,49.11065261
9484 122 ST,L.A. Matheson Secondary School,School,https://www.surreyschools.ca/schools/lamath/Pages/default.aspx,Secondary,1001305499,-122.8834176,49.17540589
15515 24 AVE,Semiahmoo Bottle Depot,Garbage and Recycling,https://www.return-it.ca/cfm/index.cfm?It=902&Id=70&SearchID=5E1675D7-300B-41B2-A7918DCB0954BDE3#ID70,Bottle Depot,1001309806,-122.7927775,49.04658127
6151 180 ST,Lord Tweedsmuir Secondary School,School,https://www.surreyschools.ca/schools/tweeds/Pages/default.aspx,Secondary,1001307578,-122.7250576,49.11475312
7370 KING GEORGE BLVD,Mr. Lube (Newton),Garbage and Recycling,http://www.mrlube.com/en/Mr-Lube-Near-You/Locate-a-Mr-Lube/surrey-7030-king-george-highway.aspx?storeid=55&code=pc,Used Oil,1001309807,-122.845041,49.13022093
17918 55 AVE,Cloverdale Bottle Depot,Garbage and Recycling,http://www.return-it.ca/electronics/locations/staples-cloverdale/,Bottle Depot,1001309669,-122.7262796,49.10187459
14988 57 AVE,Tong Louie Family YMCA,Recreation Centre,https://gv.ymca.ca/Locations/Surrey/Newton/Tong-Louie-Family-YMCA,Private,1001311505,-122.8068218,49.10520537
8555 142A ST,Brookside Elementary School,School,https://www.surreyschools.ca/schools/brookside/Pages/default.aspx,Elementary,1001311774,-122.8285019,49.15824275
3174 KING GEORGE BLVD,Peace Arch Toyota,Garbage and Recycling,http://www.peacearchtoyota.com/,Used Oil,1001312102,-122.811209,49.06066008
13780 80 AVE,Bear Creek Elementary School,School,https://www.surreyschools.ca/schools/bearcreek/Pages/default.aspx,Elementary,1001313031,-122.8403808,49.14685789
16244 13 AVE,South Meridian Elementary School,School,https://www.surreyschools.ca/schools/southmeridian/Pages/default.aspx,Elementary,1001313374,-122.7719567,49.02564354
14246 44 AVE,Serpentine Fen,Attraction,http://www.surrey.ca/culture-recreation/2300.aspx,,1001314146,-122.826703,49.08172123
15225 98 AVE,Mountainview Montessori Elementary School,School,https://www.surreyschools.ca/schools/mountainview/Pages/default.aspx,Elementary,1001314522,-122.8000262,49.1808337
9160 128 ST,David Brankin Elementary School,School,https://www.surreyschools.ca/schools/davidbrankin/Pages/default.aspx,Elementary,1001314916,-122.8666151,49.16929574
10682 144 ST,Mary Jane Shannon Elementary School,School,https://www.surreyschools.ca/schools/mjshannon/Pages/default.aspx,Elementary,1001314944,-122.8222479,49.19661551
18599 65 AVE,Hillcrest Elementary School,School,https://www.surreyschools.ca/schools/hillcr/Pages/default.aspx,Elementary,1001315623,-122.7063855,49.12130977
18228 68 AVE,Adams Road Elementary School,School,https://www.surreyschools.ca/schools/adamsroad/Pages/default.aspx,Elementary,1001316772,-122.7173738,49.12509268
16900 4 AVE,Peace Portal Golf Course,Golf,http://www.surrey.ca/culture-recreation/7287.aspx,,1001315956,-122.7530126,49.0091146
10707 146 ST,Guildford Park Secondary School,School,https://www.surreyschools.ca/schools/guildfordpark/pages/default.aspx,Secondary,1001318845,-122.8187072,49.19697544
8365 124 AVE,Perfect Auto Repairs,Garbage and Recycling,,Used Oil,1001316913,-122.879596,49.15495651
18620 56 AVE,Diamond Elementary,School,http://www.relevanthighschool.ca/Diamond_Elementary.html,Private,1001318362,-122.7068854,49.10367011
9770 192 ST,Surrey Transfer Station,Garbage and Recycling,http://www.surrey.ca/city-services/4551.aspx,Transfer Station,1001318396,-122.6870616,49.18050615
10730 139 ST,Forsyth Road Elementary School,School,https://www.surreyschools.ca/schools/forsythroad/Pages/default.aspx,Elementary,1001316953,-122.8361371,49.19744112
7878 120 ST,Canadian Tire (Scott Rd),Garbage and Recycling,http://www.canadiantire.ca/en.html,Used Oil,1001318632,-122.8891275,49.14614836
6256 184 ST,Don Christian Elementary School,School,https://www.surreyschools.ca/schools/donchristian/Pages/default.aspx,Elementary,1001317142,-122.711439,49.11647686
5950 149 ST,Zion Lutheran Church & School,School,http://zionlutheran.org,Private,1001317317,-122.7260603,49.11047082
8606 160 ST,Frost Road Elementary School,School,https://www.surreyschools.ca/schools/frostroad/Pages/default.aspx,Elementary,1001318359,-122.7720443,49.15955371
14250 100A AVE,Lena Shaw Elementary School,School,https://www.surreyschools.ca/schools/lenashaw/Pages/default.aspx,Elementary,1001319711,-122.8274909,49.18467972
10238 168 ST,Pacific Academy,School,http://www.pacificacademy.net,Private,1001321842,-122.7551926,49.18884609
 1785 148 ST,Semiahmoo Secondary School,School,https://www.surreyschools.ca/schools/semi/Pages/default.aspx,Secondary,1001322589,-122.8136545,49.03489347
12530 60 AVE,J.T. Brown Elementary School,School,https://www.surreyschools.ca/schools/jtbrown/Pages/default.aspx,Elementary,1001323894,-122.8756889,49.11122885
5811 184 ST,Martha Currie Elementary School,School,https://www.surreyschools.ca/schools/marthacurrie/Pages/default.aspx,Elementary,1001324301,-122.7138089,49.10807694
18603 60 AVE,Bible Way Christian Academy,School,http://www.biblewayacademy.org,Private,1001319857,-122.7064732,49.1117256
17511 59 AVE,Cloverdale Catholic,School,http://www.ccsunited.ca/,Private,1001319863,-122.7375633,49.10997959
7170 132 ST,Calvary Christian Academy,School,,Private,1001325105,-122.8560484,49.13327737
1054 168 ST,Meridian Golf - Par 3,Golf,http://www.surrey.ca/culture-recreation/7287.aspx,,1001323150,-122.7563716,49.02114735
2977 KING GEORGE BLVD,Victory Memorial Park,Cemetery,http://www.surrey.ca/city-services/2247.aspx,,1001322885,-122.8111513,49.05367876
18150 8 AVE,Hazelmere Golf & Tennis Club,Golf,http://www.surrey.ca/culture-recreation/7287.aspx,,1001322913,-122.7203058,49.01556585
6999 124 ST,Khalsa School Newton Campus,School,http://www.khalsaschoolcanada.com,Private,1001322926,-122.8802028,49.12949366
12550 20 AVE,Ocean Cliff Elementary School,School,https://www.surreyschools.ca/schools/oceancliff/Pages/default.aspx,Elementary,1001328540,-122.8753038,49.03795895
13130 106 AVE,K.B. Woodward Elementary School,School,https://www.surreyschools.ca/schools/kbwoodward/Pages/default.aspx,Elementary,1001331034,-122.8587755,49.19472951
12878 62 AVE,Panorama Park Elementary School,School,https://www.surreyschools.ca/schools/panoramapark/Pages/default.aspx,Elementary,1001333782,-122.8657811,49.11484021
8870 120 ST,Kennedy Community Hall,Community Hall/Centre,http://www.surrey.ca/community/3335.aspx,,1001328890,-122.8899082,49.16442059
13460 62 AVE,North Ridge Elementary School,School,https://www.surreyschools.ca/schools/northridgeelementary/Pages/default.aspx,Elementary,1001333710,-122.8492426,49.114631
7700 168 ST,Surrey Golf Course,Golf,http://www.surreygolf.com/,,1001341696,-122.7545326,49.14312229
2656 160 ST,Southridge Junior School,School,http://www.southridge.bc.ca,Private,1001334198,-122.777161,49.050657
,Peace Arch Inn  ( Best Western),Hotel,https://www.bestwestern.com/en_US/book/hotel-details.62117.html,,1001336666,-122.7916805,49.04332773
2320 KING GEORGE BLVD,South Surrey / White Rock Learning Centre ,School,https://www.surreyschools.ca/schools/whiterocklc/Pages/default.aspx,Administration,1001336667,-122.7909665,49.04472979
1815 152 ST,S. Surrey RCMP District Office & Semiahmoo Library,Library,,,1001335477,-122.8016528,49.03509537
12834 115A AVE,Bridgeview Elementary School,School,https://www.surreyschools.ca/schools/bridgeview/Pages/default.aspx,Elementary,1001335130,-122.8647428,49.2112448
16299 FRASER HWY,Applewood Motors Inc.,Garbage and Recycling,http://www.applewoodsurrey.ca/contact-us/,Used Oil,1001335931,-122.77099,49.15504253
15945 96 AVE,North Surrey Secondary School,School,https://www.surreyschools.ca/schools/northsurreysecondary/Pages/default.aspx,Secondary,1001339482,-122.7802962,49.17837034
12370 98 AVE,Cedar Hills Elementary School,School,https://www.surreyschools.ca/schools/cedarhill/About/ContactInfo/Pages/default.aspx,Elementary,1001338933,-122.8797326,49.17987346
15516 36 AVE,Rosemary Heights Elementary School,School,https://www.surreyschools.ca/schools/rosemaryheights/Pages/default.aspx,Elementary,1001338954,-122.792603,49.06676407
,King George Inn & Suites (Best Western),Hotel,http://www.bestwesternsurrey.com/,,1001339677,-122.8465547,49.14873518
3366 156A ST,Morgan Elementary School,School,https://www.surreyschools.ca/schools/morgan/Pages/default.aspx,Elementary,1001341239,-122.7878013,49.06286436
15670 104 AVE,Harold Bishop Elementary School,School,https://www.surreyschools.ca/schools/haroldbishop/Pages/default.aspx,Elementary,1001342029,-122.7873515,49.19079189
12772 88 AVE,Invergarry Adult Education Centre,School,https://www.surreyschools.ca/schools/iaec/Pages/default.aspx,Adult/Continuing Education,1001343214,-122.8687691,49.16207087
7027 184 ST,Surrey Little Theatre,Attraction,http://www.surreylittletheatre.com/Site/Welcome.html,,1001344712,-122.7128784,49.13005476
8824 144 ST,Green Timbers Elementary School,School,https://www.surreyschools.ca/schools/greentimbers/Pages/default.aspx,Elementary,1001346446,-122.8226322,49.16377604
2440 128 ST,Crescent Park Elementary School,School,https://www.surreyschools.ca/schools/crescentpark/Pages/default.aspx,Elementary,1001344913,-122.8665764,49.04639374
7633 124 ST,Strawberry Hill Elementary School,School,https://www.surreyschools.ca/schools/princecharles/Pages/default.aspx,Elementary,1001348728,-122.8800345,49.14167088
10153 KING GEORGE BLVD,Central City,Shopping Centre,http://www.centralcity.ca/contact/,Private,1001350568,-122.8493144,49.18619628
,Peace Arch Border Crossing (Douglas),Other,,,1001348503,-122.7574587,49.00496084
5500 180 ST,Kwantlen Polytechnic University (Tech Campus),School,http://www.kpu.ca/tech,Post-Secondary,1001348659,-122.7222304,49.10311136
5640 188 ST,Sunrise Executive Par 3 Golf Course,Golf,http://www.surrey.ca/culture-recreation/7287.aspx,,1001349873,-122.7011008,49.10509154
5741 176 ST,Cloverdale Learning Centre,School,,Adult/Continuing Education,1001346982,-122.7353296,49.10665971
9341 126 ST,Senator Reid Elementary School,School,https://www.surreyschools.ca/schools/senatorreid/Pages/default.aspx,Elementary,1001346347,-122.8745708,49.17242383
10719 150 ST,Holly Elementary School,School,https://www.surreyschools.ca/schools/holly/Pages/default.aspx,Elementary,1001348444,-122.8072781,49.19712733
12666 72 AVE,Kwantlen Polytechnic University (Surrey Campus),School,http://www.kpu.ca/surrey,Post-Secondary,1001349430,-122.8713269,49.13258071
9380 140 ST,Simon Cunningham Elementary School,School,https://www.surreyschools.ca/schools/scunningham/Pages/default.aspx,Elementary,1001353170,-122.8336344,49.17296661
9025  158 ST ,Woodland Park Elementary School,School,https://www.surreyschools.ca/schools/woodlandpark/Pages/default.aspx,Elementary,1001349095,-122.7856535,49.16718159
13511 102 AVE,Arts Council of Surrey,Attraction,http://www.surrey.ca/youth/132.aspx,,1001349790,-122.8470521,49.18810159
9761 192 ST,Jobrite New & Used Ford Truck Parts,Garbage and Recycling,http://surrey.cylex.ca/company/jobrite-new---used-ford-truck-parts-12680546.html,Used Oil,1001352496,-122.6909717,49.17992304
15295 56 AVE,Roots and Wings Montessori,School,http://www.rootsandwingsbc.com,Private,1001352521,-122.7984378,49.10535863
7541 184 ST,Clayton Elementary School,School,https://www.surreyschools.ca/schools/clayton/Pages/default.aspx,Elementary,1001352004,-122.713187,49.13944998
7676 122 ST,Westerman Elementary School,School,https://www.surreyschools.ca/schools/westerman/Pages/default.aspx,Elementary,1001352087,-122.8833634,49.14163031
14755 74 AVE,Chimney Hill Elementary School,School,https://www.surreyschools.ca/schools/chimneyhill/Pages/default.aspx,Elementary,1001237458,-122.8141067,49.13818408
6887 132 ST,école Gabrielle-Roy,School,http://gabrielleroy.csf.bc.ca/,Francophone,1001352177,-122.8582432,49.12840029
14835 108A ST,Riverdale Elementary School,School,https://www.surreyschools.ca/schools/riverdale/Pages/default.aspx,Elementary,1001352182,-122.8113942,49.20043285
2064 154 ST,Jessie Lee Elementary School,School,https://www.surreyschools.ca/schools/jessie/Pages/default.aspx,Elementary,1001248373,-122.794468,49.03952617
19076 88 AVE,Port Kells Elementary School,School,https://www.surreyschools.ca/schools/portkells/Pages/default.aspx,Elementary,1001244429,-122.6935692,49.16247097
10605 CITY PKWY,B.C. Lions Building,Other,http://www.bclions.com,,1001355065,-122.8486674,49.19560001
2828 159 ST,Sunnyside Elementary School,School,https://www.surreyschools.ca/schools/sunnyside/Pages/default.aspx,Elementary,1001707977,-122.7809469,49.05337813
16193 88 AVE,Holy Cross Regional High,School,http://www.holycross.bc.ca,Private,1001355392,-122.7752306,49.16389706
10025 152 ST,Hallmark Ford Sales Ltd.,Garbage and Recycling,http://www.hallmarkfordsales.com/,Used Oil,1001231684,-122.8020636,49.18477457
"1273 FIR ST, WHITE ROCK",White Rock Elementary School,School,https://www.surreyschools.ca/schools/whiterockelem/Pages/default.aspx,Elementary,1001797127,-122.7995256,49.02523303
"15877 ROPER AVE, WHITE ROCK",Peace Arch Elementary School,School,https://www.surreyschools.ca/schools/peacea/Pages/default.aspx,Elementary,1001797146,-122.7831056,49.0261312
"15521 RUSSELL AVE, SURREY",Peace Arch Hospital,Hospital,http://www.fraserhealth.ca/find_us/locations/our_locations?site_id=1783,,1001797155,-122.7925057,49.03006136
298 HWY 99,B.C. Visitor Centre @ Peace Arch,Other,http://www.hellobc.com/visitorcentrelisting/4548477/british-columbia-visitor-centre-@-peace-arch.aspx,Tourism,1001778596,-122.7572345,49.00724748
6677 148 ST,Central Works Yard,Municipal,http://www.surrey.ca/city-government/717.aspx,,1001822203,-122.8127598,49.12437742
5900 150 ST,Cambridge Elementary School,School,https://www.surreyschools.ca/schools/cambridge/Pages/default.aspx,Elementary,1001842970,-122.8079545,49.11373096
10183 152A ST,Guildford Learning Centre,School,https://www.surreyschools.ca/schools/guildfordlearningcentre/Pages/default.aspx,Administration,1001355641,-122.7998292,49.18747826
6050 176 ST,Cloverdale Fairgrounds Agriplex Bldg,Other,http://www.cloverdalerodeo.com/contact-us/,,1001223045,-122.7301524,49.11624079
2016 176 ST,Fire Hall # 14,Fire,http://www.surrey.ca/city-services/4696.aspx,,1001223046,-122.7347985,49.0387588
16855 24 AVE,Grandview Heights Aquatic Centre,Swimming Pool,http://www.surrey.ca/culture-recreation/14315.aspx,,1001850049,-122.7554967,49.0461077
14245 56 AVE,RCMP Main Reception,RCMP,http://www.surrey.ca,,1001222961,-122.8280918,49.10578826
2197 148 ST,South Surrey Rotary Fieldhouse,Community Hall/Centre,http://www.clubrunner.ca/Portal/SitePages/SitePage.aspx?cid=256&pid=54609,,1001222963,-122.8155689,49.04042179
2040 150 ST,Meridian Centre,Community Hall/Centre,http://www.surrey.ca/culture-recreation/5053.aspx,,1001222967,-122.8062568,49.03879699
14601 20 AVE,South Surrey Recreation & Arts Centre,Recreation Centre,http://www.surrey.ca/culture-recreation/1918.aspx,,1001222968,-122.8185454,49.03995122
9353 160 ST,Hemlock Works Yard,Municipal,http://www.surrey.ca/city-government/717.aspx,,1001222970,-122.7794353,49.17263257
6050 176 ST,Alice McKay,Community Hall/Centre,http://www.cloverdalerodeo.com/facilities-and-events/,,1001222972,-122.7341915,49.11279108
6220 184 ST,Don Christian Recreation Centre,Recreation Centre,http://www.surrey.ca/culture-recreation/5035.aspx,,1001222973,-122.7113913,49.1154807
6050 176 ST,Stetson Bowl,Attraction,http://www.cloverdalerodeo.com/our-facilities/stetson-bowl/,,1001222976,-122.7268482,49.11542838
15996 84 AVE,Fleetwood Community Centre,Community Hall/Centre,http://www.surrey.ca/culture-recreation/1858.aspx,,1001222980,-122.7797798,49.15500525
16900 64 AVE,Cloverdale Athletic Park Pavilion,Park,http://www.surrey.ca/culture-recreation/2014.aspx,,1001222981,-122.7542863,49.11710803
6050 176 ST,Fraser Downs Racetrack & Casino,Attraction,http://www.fraserdowns.com,,1001222988,-122.7304571,49.11224857
16555 FRASER HWY,Surrey Sports & Leisure Complex,Recreation Centre,http://www.surrey.ca/culture-recreation/1888.aspx,,1001222990,-122.7644906,49.15290265
15024 24 AVE,Star Of The Sea,School,http://www.staroftheseaschool.ca/,Private,1001229054,-122.8060185,49.0448252
17710 56A AVE,Surrey Museum,Attraction,http://www.surrey.ca/culture-recreation/2372.aspx,,1001222908,-122.7321858,49.10448625
5642 176A ST,Cloverdale Library,Library,http://www.surreylibraries.ca/location-hours/4684.aspx,,1001222909,-122.7330642,49.10478018
17572 57 AVE,Fire Hall # 08,Fire,http://www.surrey.ca/city-services/4696.aspx,,1001222910,-122.7359832,49.10574068
18918 88 AVE,Port Kells Community Hall,Community Hall/Centre,http://www.portkellscommunity.com/wp/,,1001222912,-122.6985353,49.16221929
7399 122 ST,Strawberry Hill Library,Library,http://www.surreylibraries.ca/location-hours/4690.aspx,,1001222913,-122.8851428,49.13748573
10277 148 ST,Hjorth Road Pool,Swimming Pool,http://www.surrey.ca/culture-recreation/14046.aspx,,1001223056,-122.8129673,49.1893235
12855 60 AVE,Fire Hall # 11,Fire,http://www.surrey.ca/city-services/4696.aspx,,1001222915,-122.8660557,49.11211178
7365 128 ST,Newton Athletic Pavilion,Other Recreation,http://www.surrey.ca/culture-recreation/2059.aspx,,1001222916,-122.8697959,49.13735055
13530 72 AVE,Newton Cultural Centre,Community Hall/Centre,http://www.artscouncilofsurrey.ca/html/aboutus.htm,,1001222917,-122.8471016,49.13323412
6050 176 ST,Shannon Hall,Community Hall/Centre,http://www.cloverdalerodeo.com/our-facilities/shannon-hall/,,1001222992,-122.7341245,49.11237874
6150 176 ST,Cloverdale Curling Rink,Arena,http://www.cloverdalecurlingclub.ca/,,1001222993,-122.734341,49.11426787
6090 176 ST,Cloverdale Ice Arena,Arena,http://www.surrey.ca/culture-recreation/5031.aspx,,1001222994,-122.7339437,49.11324152
18513 70 AVE,Clayton Community Hall,Community Hall/Centre,http://www.surrey.ca/culture-recreation/13137.aspx,,1001222995,-122.7091355,49.13004954
1379 128 ST,Kwomais Sanford Hall,Park,http://www.surrey.ca/culture-recreation/6177.aspx,,1001222997,-122.8687857,49.0267285
12160 BEECHER ST,Beecher Place,Community Hall/Centre,http://www.alexhouse.net/beecher-place,,1001222999,-122.8848485,49.0519401
12854 17 AVE,Ocean Park Library,Library,http://www.surreylibraries.ca/location-hours/4686.aspx,,1001223001,-122.8661115,49.03253542
13723 CRESCENT RD,The Hooser Weaving Centre,Attraction,http://www.surrey.ca/youth/4751.aspx,,1001223003,-122.8412017,49.06512691
13723 CRES RD,Ward's Marina,Other Recreation,http://cruisingundersail.com/wp/?page_id=965,,1001223004,-122.8425491,49.06563253
14901 64 AVE,Fire Hall # 09,Fire,http://www.surrey.ca/city-services/4696.aspx,,1001223073,-122.8099944,49.11958384
13458 107A AVE,Chuck Bailey Recreation Centre,Recreation Centre,http://www.surrey.ca/culture-recreation/1914.aspx,,1001222918,-122.84928,49.19687768
1371 128 ST,Kwomais Point Lodge,Park,http://www.surrey.ca/culture-recreation/6177.aspx,,1001222919,-122.868447,49.02666759
13723 CRESCENT RD,EHP - Caretakers Residence,Other,http://www.surrey.ca/city-services/481.aspx,,1001222923,-122.8426459,49.06525955
13723 CRESCENT RD,Historic Stewart Farm,Attraction,http://www.surrey.ca/culture-recreation/2875.aspx,,1001222925,-122.8420091,49.06508535
10275 CITY PKWY,North Surrey Recreation Centre,Recreation Centre,http://www.surrey.ca/culture-recreation/5048.aspx,,1001222926,-122.8488209,49.18957233
14250 CRESCENT RD,Elgin Community Hall,Community Hall/Centre,http://www.surrey.ca/culture-recreation/6054.aspx,,1001222927,-122.8274275,49.0668712
11475 126A ST,Bridgeview Community Centre,Community Hall/Centre,http://www.surrey.ca/culture-recreation/11534.aspx,,1001222928,-122.8717148,49.21121805
14986 98 AVE,Bonaccord Elementary School,School,https://www.surreyschools.ca/schools/bonaccord/Pages/default.aspx,Elementary,1001228900,-122.8064535,49.17979598
13723 CRESCENT RD,Elg Hrtg Prk Stwrt Bunkhouse,Park,http://www.surrey.ca/culture-recreation/2014.aspx,,1001223006,-122.84303,49.06459651
19340 88 AVE,Port Kells Park Washroom,Park,http://www.surrey.ca/culture-recreation/2140.aspx,,1001223077,-122.6864836,49.16117777
6050 176 ST,Exhibition Grounds Show Barn,Other,http://www.cloverdalerodeo.com/our-facilities/show-barn/,,1001223080,-122.7292089,49.1161276
5730 176A ST,Cloverdale RCMP Community Policing,RCMP,http://www.surreyrcmp.ca,,1001223081,-122.7334341,49.10660629
13730 72 AVE,Newton Recreation Centre,Recreation Centre,http://www.surrey.ca/culture-recreation/5048.aspx,,1001223008,-122.8420651,49.13288022
7120 136B ST,Newton Arena,Arena,http://www.surrey.ca/culture-recreation/7325.aspx,,1001223009,-122.8420524,49.13209975
14225 GREEN TIMBERS WAY,Surrey Nature Centre Admin Building,Attraction,http://www.surrey.ca/culture-recreation/2311.aspx,,1001223011,-122.8303483,49.178869
14225 GREEN TIMBERS WAY,Surrey Nature Centre,Attraction,http://www.surrey.ca/culture-recreation/2311.aspx,,1001223012,-122.830335,49.17922412
3530 144 ST,Elgin Centre,Other Recreation,http://www.surrey.ca/plans-strategies/3375.aspx,,1001223014,-122.8222921,49.06612648
2201 148 ST,South Surrey Ice Arena,Arena,http://www.surrey.ca/culture-recreation/1919.aspx,,1001223016,-122.8156056,49.04154793
10350 UNIVERSITY DR,City Centre Library,Library,http://www.surreylibraries.ca/location-hours/4682.aspx,,1001223090,-122.8493952,49.19065528
10720 KING GEORGE BLVD,Surrey City Centre RCMP,RCMP,http://www.surreyrcmp.ca,,1001223091,-122.8447452,49.19734606
13795 70 AVE,Newton Library,Library,http://www.surreylibraries.ca/location-hours/4670.aspx,,1001222933,-122.8397032,49.1302945
7278 132 ST,Fire Hall # 10,Fire,http://www.surrey.ca/city-services/4696.aspx,,1001222935,-122.856105,49.13516957
8767 132 ST,Fire Hall # 01,Fire,http://www.surrey.ca/city-services/4696.aspx,,1001222936,-122.8575991,49.16224682
15105 105 AVE,Guildford Recreation Centre,Recreation Centre,http://www.surrey.ca/culture-recreation/1876.aspx,,1001222939,-122.8025791,49.1938186
2610 128 ST,Fire Hall # 12,Fire,http://www.surrey.ca/city-services/4696.aspx,,1001222942,-122.8669052,49.04967978
13079 104 AVE,Fire Hall # 02,Fire,http://www.surrey.ca/city-services/4696.aspx,,1001222943,-122.8602593,49.19199841
6188 176 ST,Cloverdale Recreation Centre,Recreation Centre,http://www.surrey.ca/culture-recreation/8524.aspx,,1001356175,-122.7340583,49.11520065
17651 56 AVE,Surrey Archives,Attraction,http://www.surrey.ca/culture-recreation/2394.aspx,,1001356182,-122.7331471,49.10447417
10277 CITY PKWY,City Centre CRU Washroom,Other,,,1001223021,-122.8479238,49.18941431
15848 97A AVE,North Surrey Community Park Washroom,Park,http://www.surrey.ca/culture-recreation/2155.aspx,,1001356194,-122.7827659,49.17937349
7235 137 ST,Newton RCMP Community Policing Station District 3,RCMP,http://www.surreyrcmp.ca,,1001222945,-122.843287,49.13427082
14255 56 AVE,North Annex,Municipal,http://www.surrey.ca,,1001222947,-122.8273683,49.10658105
13775 70 AVE,Newton Seniors Centre,Seniors Centre,http://www.surrey.ca/culture-recreation/1777.aspx,,1001223022,-122.8409401,49.13045393
14655 17 AVE,South Surrey Indoor Pool,Swimming Pool,http://www.surrey.ca/culture-recreation/1755.aspx,,1001223023,-122.8157933,49.03337436
10395 148 ST,Guildford RCMP Sub-Station,RCMP,http://www.surreyrcmp.ca,,1001223024,-122.8130253,49.19121361
14355 57 AVE,RCMP Headquarters,RCMP,http://www.surreyrcmp.ca,,1001223025,-122.824329,49.10715569
14586 108 AVE,Fire Hall # 04,Fire,http://www.surrey.ca/city-services/4696.aspx,,1001223026,-122.8179194,49.19843343
14923 64 AVE,Fire Hall Training Centre,Fire,http://www.surrey.ca/city-services/4696.aspx,,1001223027,-122.8088535,49.11945213
13723 CRESCENT RD,EHP - Stewart Hall,Other Recreation,http://www.surrey.ca/culture-recreation/2875.aspx,,1001223033,-122.8424742,49.06496053
14340 57 AVE,Provincial Court,Justice,http://www.provincialcourt.bc.ca/court-location/surrey,,1001356200,-122.825187,49.10574398
10662 148 ST,Holly Pool,Swimming Pool,http://www.surrey.ca/culture-recreation/14047.aspx,,1001222948,-122.8117854,49.19637385
15155 18 AVE,Fire Hall # 13,Fire,http://www.surrey.ca/city-services/4696.aspx,,1001222949,-122.8020848,49.03505955
15329 32 AVE,Fire Hall # 17,Fire,http://www.surrey.ca/city-services/4696.aspx,,1001222950,-122.7974286,49.0612557
9049 152 ST,Fire Hall # 06,Fire,http://www.surrey.ca/city-services/4696.aspx,,1001222951,-122.8019657,49.16724603
18922 88 AVE,Fire Hall # 07,Fire,http://www.surrey.ca/city-services/4696.aspx,,1001222952,-122.6981127,49.16256367
10042 176 ST,Fire Hall # 05,Fire,http://www.surrey.ca/city-services/4696.aspx,,1001222953,-122.7338403,49.18484754
13750 88 AVE,Surrey Arts Centre,Attraction,http://www.surrey.ca/culture-recreation/1619.aspx,,1001222954,-122.8420416,49.16230453
10588 160 ST,Fraser Heights Recreation Centre,Recreation Centre,http://www.surrey.ca/culture-recreation/1928.aspx,,1001222955,-122.7772501,49.1950716
8091 164 ST,Fire Hall # 18,Fire,http://www.surrey.ca/city-services/4696.aspx,,1001222956,-122.7681195,49.14989106
18915 64 AVE,Fire Hall # 15,Fire,http://www.surrey.ca/city-services/4696.aspx,,1001222957,-122.6988062,49.11933631
18885 88 AVE,Port Kells Library,Library,http://www.surreylibraries.ca/location-hours/4688.aspx,,1001222958,-122.6996655,49.16307586
13750 88 AVE,Bear Creek Pavilion,Other Recreation,http://www.surrey.ca/culture-recreation/1903.aspx,,1001222960,-122.8425525,49.16135176
12236 70A AVE,Cougar Creek Elementary School,School,https://www.surreyschools.ca/schools/cougarcreek/Pages/default.aspx,Elementary,1001229476,-122.8831491,49.13032463
,Pacific Inn & Conference Centre,Hotel,http://www.pacificinn.com/,,1001232830,-122.764295,49.02320094
7929 152 ST,Guildford Golf & Country Club,Golf,http://www.surrey.ca/culture-recreation/7287.aspx,,1001229319,-122.8018702,49.14687407
13700 96 AVE,SMH Parking Lot,Municipal,,,1001233528,-122.8434329,49.17658647
15090 66A AVE,Regent Christian Academy,School,http://www.regent.bc.ca,Private,1001231547,-122.8040773,49.1225397
3500 MORGAN CREEK WAY,Morgan Creek Golf Course,Golf,http://www.surrey.ca/culture-recreation/7287.aspx,,1001232053,-122.7813196,49.06460544
12150 92 AVE,Kirkbride Elementary School,School,https://www.surreyschools.ca/schools/kirkbride/Pages/default.aspx,Elementary,1001236300,-122.8857499,49.16982915
6505 123A ST,Beaver Creek Elementary School,School,https://www.surreyschools.ca/schools/beavercreek/Pages/default.aspx,Elementary,1001236301,-122.881236,49.12175178
12405 100 AVE,Prince Charles Elementary School,School,https://www.surreyschools.ca/schools/princecharles/Pages/default.aspx,Elementary,1001236302,-122.8770154,49.18541077
15051 101 AVE,Landmark Cinemas 12 Guildford,Movie Theatre,http://www.landmarkcinemas.com/surrey-guildford,,1001231062,-122.8044286,49.18676045
15350 99 ST,Johnston Heights Secondary School,School,https://www.surreyschools.ca/schools/johnht/Pages/default.aspx,Secondary,1001230731,-122.7974073,49.18193361
6677 140 ST,Hyland Elementary School,School,https://www.surreyschools.ca/schools/hyland/Pages/default.aspx,Elementary,1001245761,-122.8360363,49.12369219
13940 77 AVE,Frank Hurt Secondary School,School,https://www.surreyschools.ca/schools/frankhurt/Pages/default.aspx,Secondary,1001233963,-122.8367598,49.14195643
7480 128 ST,Dr. F.D. Sinclair Elementary School,School,https://www.surreyschools.ca/schools/drfdsinclair/Pages/default.aspx,Elementary,1001235824,-122.867198,49.13882039
6082 142 ST,Woodward Hill Elementary School,School,https://www.surreyschools.ca/schools/woodwardhill/Pages/default.aspx,Elementary,1001234425,-122.8277911,49.11333136
12111 86 AVE,Scott Road Bottle Depot,Garbage and Recycling,http://www.encorpinc.com,Bottle Depot,1001234563,-122.8876163,49.16005598
7318 143 ST,M.B. Sanford Elementary School,School,https://www.surreyschools.ca/schools/sanford/Pages/default.aspx,Elementary,1001246794,-122.8252299,49.13580012
14781 104 AVE,Hjorth Road Elementary School,School,https://www.surreyschools.ca/schools/hjorthroad/Pages/default.aspx,Elementary,1001239554,-122.8131912,49.19207609
1739 148 ST,H.T. Thrift Elementary School,School,https://www.surreyschools.ca/schools/htthrift/Pages/default.aspx,Elementary,1001242741,-122.8130473,49.03349681
13359 81 AVE,Newton Elementary School,School,https://www.surreyschools.ca/schools/newtonelem/Pages/default.aspx,Elementary,1001240913,-122.8528061,49.15050621
18035 8 AVE,Hall's Prairie Elementary School,School,https://www.surreyschools.ca/schools/hallsprairie/Pages/default.aspx,Elementary,1001241511,-122.7229267,49.01725133
13409 72 AVE,Newton Auto Care,Garbage and Recycling,http://www.newtonautocare.com/,Used Oil,1001239186,-122.8508891,49.13397739
,Days Inn Surrey,Hotel,https://www.wyndhamhotels.com/days-inn/surrey-british-columbia/days-inn-surrey/overview,,1001355500,-122.8509671,49.20333106
14200 GREEN TIMBERS WAY,"RCMP ""E"" Division HQ",RCMP,http://bc.rcmp-grc.gc.ca,,1001355503,-122.8288369,49.1801889
6380 132 ST,Panorama Ridge Secondary School,School,https://www.surreyschools.ca/schools/panoramaridge/Pages/default.aspx,Secondary,1001246708,-122.8550763,49.1181506
12600 66 AVE,Tamanawis Secondary School,School,https://www.surreyschools.ca/schools/tamanawis/Pages/default.aspx,Secondary,1001245530,-122.8713052,49.12195572
13130 65B AVE,St. Bernadette School,School,http://www.stbernadetteschool.ca/silver/news/,Private,1001242319,-122.8583552,49.1214861
6550 134 ST,Henry Bose Elementary School,School,https://www.surreyschools.ca/schools/henryb/Pages/default.aspx,Elementary,1001247155,-122.8502983,49.12176337
13751 112 AVE,James Ardiel Elementary School,School,https://www.surreyschools.ca/schools/jamesardiel/Pages/default.aspx,Elementary,1001240971,-122.8409277,49.20688441
7525 KING GEORGE BLVD,English Language Learner Welcome Centre,School,,Programs and Services,1001241153,-122.8464395,49.13960611
10677 124 ST,Khalsa School Old Yale Campus,School,http://www.khalsaschoolcanada.com/default/index.php?pageType=locations,Private,1001241821,-122.8792856,49.19688221
13104 109 AVE,City Central Learning Centre,School,https://www.surreyschools.ca/schools/citycentrallc/Pages/default.aspx,Elementary,1001267188,-122.8586184,49.20038394
6857 168 ST,Northview Golf & Country Club,Golf,http://www.northviewgolf.com/,,1001289364,-122.764772,49.12455486
16670 OLD MCLELLAN RD,Surrey Centre Elementary School,School,https://www.surreyschools.ca/schools/surreycentre/Pages/default.aspx,Elementary,1001295848,-122.7588784,49.10969599
13479 77 AVE,North Surrey Learning Centre,School,https://www.surreyschools.ca/schools/northsurreylc/Pages/default.aspx,Administration,1001252893,-122.84849,49.14312977
15751 16 AVE,Earl Marriott Secondary School,School,https://www.surreyschools.ca/schools/earlmarriott/Pages/default.aspx,Secondary,1001270910,-122.7855065,49.03178815
15550 99A AVE,William F. Davidson Elementary School,School,https://www.surreyschools.ca/schools/wfdavidson/Pages/default.aspx,Elementary,1001268816,-122.7908565,49.18265607
8962 HOLT (120 ST) RD,Sur-Del Bottle Depot,Garbage and Recycling,https://www.return-it.ca/locations/sur-del-bottle-depot/,Bottle Depot,1001257820,-122.8890571,49.16621527
,Holiday Inn Hotel & Suites Surrey East - Cloverdale,Hotel,https://www.ihg.com/holidayinn/hotels/us/en/surrey/yvrsy/hoteldetail,,1001287300,-122.7370089,49.11837547
1650 136 ST,Ray Shepherd Elementary School,School,https://www.surreyschools.ca/schools/rayshepherd/Pages/default.aspx,Elementary,1001251854,-122.8447346,49.03194857
,Sheraton Vancouver Guildford Hotel,Hotel,http://www.sheratonguildford.com/,,1001308682,-122.7988563,49.1920749
16824 32 AVE,Kensington Prairie Recreation Centre,Recreation Centre,http://www.surrey.ca/culture-recreation/7794.aspx,,1001302491,-122.7553078,49.06000792
13055 HUNTLEY AVE,Betty Huff Elementary School,School,https://www.surreyschools.ca/schools/bettyhuff/Pages/default.aspx,Elementary,1001314917,-122.8606186,49.17298194
6985 142 ST,Georges Vanier Elementary School,School,https://www.surreyschools.ca/schools/georgesvanier/Pages/default.aspx,Elementary,1001319026,-122.8299008,49.12950242
2575 137 ST,Chantrell Creek Elementary School,School,https://www.surreyschools.ca/schools/chantrellcreek/Pages/default.aspx,Elementary,1001319040,-122.8430657,49.04851897
3040 145A ST,Semiahmoo Trail Elementary School,School,https://www.surreyschools.ca/schools/semiahmootrail/Pages/default.aspx,Elementary,1001308847,-122.8187413,49.05801606
17285 61A AVE,George Greenaway Elementary School,School,https://www.surreyschools.ca/schools/georgegreenaway/Pages/default.aspx,Elementary,1001324298,-122.7429174,49.11435857
3050 KING GEORGE BLVD,White Rock Chrysler Ltd,Garbage and Recycling,http://www.haleydodge.ca/index.htm,Used Oil,1001311681,-122.8082313,49.05843354
14644 72 AVE,Valley View Mem. Gardens Cemetery,Cemetery,http://www.surrey.ca/city-services/2247.aspx,,1001276010,-122.8178808,49.13324426
,Holiday Inn Express & Suites Surrey,Hotel,https://www.ihg.com/holidayinnexpress/hotels/us/en/surrey/yvrss/hoteldetail,,1001276853,-122.7838434,49.19107757
2141 CRANLEY DR,Cranley Drive Senior Recreation Ctr,Seniors Centre,http://www.surrey.ca/culture-recreation/4795.aspx,,1001276871,-122.7813466,49.04073709
14898 SPENSER DR,Maple Green Elementary School,School,https://www.surreyschools.ca/schools/maplegreen/Pages/default.aspx,Elementary,1001313918,-122.8100197,49.15696598
,Sandman Suites Surrey - Guildford,Hotel,https://www.sandmanhotels.com/locations/british-columbia/surrey/hotels/surrey-guildford-sug,,1001306180,-122.8015335,49.19517318
16748 50 AVE,SPCA - Animal Pound,Other,http://www.spca.bc.ca/surrey,,1001316093,-122.7579967,49.09286291
15257 FRASER HWY,Pan Pacific Nissan Ltd.,Garbage and Recycling,http://www.applewoodnissan.ca/,Used Oil,1001324583,-122.7993567,49.16586264
9260 140 ST,Surrey College,School,http://www.surreycollege.sd36.bc.ca/,Post-Secondary,1001332426,-122.8320292,49.17135648
3601 NICO WYND DR,Nico Wynd Golf Course,Golf,http://www.surrey.ca/culture-recreation/7287.aspx,,1001325382,-122.8348319,49.06824794
16152 82 AVE,Walnut Road Elementary School,School,https://www.surreyschools.ca/schools/walnutroad/Pages/default.aspx,Elementary,1001329065,-122.7738616,49.15122769
19056 FRASER HWY,Will's Auto Service,Garbage and Recycling,,Used Oil,1001341334,-122.6950763,49.12041297
6272 152 St,Sullivan Park Modular Washroom,Park,,,1001971491,-122.7967592,49.11617553
10153 KING GEORGE BLVD,Simon Fraser University,School,http://www.centralcity.ca/contact/,Post-Secondary,1001913161,-122.8493475,49.18781301
2336 166 ST,South Surrey Operations Centre,Municipal,,,1001948327,-122.7616067,49.04402627
7278 184 ST,Salish Secondary School,School,https://www.surreyschools.ca/schools/salish/Pages/default.aspx,Secondary,1001949161,-122.7104927,49.13527046
2239 152 ST,White Rock Christian Academy,School,http://www.wrca.bc.ca,Private,1001314171,-122.8034312,49.0432634
12332 BOUNDARY DR N,Boundary Park Elementary School,School,https://www.surreyschools.ca/schools/boundarypark/Pages/default.aspx,Elementary,1001345781,-122.8810938,49.11684309
16450 80 AVE,William Watson Elementary School,School,https://www.surreyschools.ca/schools/williamwatson/Pages/default.aspx,Elementary,1001349532,-122.7665593,49.14755515
13375 76 AVE,Ed Schram Motors Ltd.,Garbage and Recycling,http://www.edschrammotors.com/Home/Welcome.html,Used Oil,1001346215,-122.8517748,49.14185525
8888 162 ST,Surrey Christian (Middle),School,http://www.surreychristian.com/campuses/middle/,Private,1001349851,-122.7726464,49.16413435
15353 92 AVE,Surrey Christian (Secondary),School,http://www.surreychristian.com/campuses/secondary/,Private,1001299446,-122.7968791,49.17054202
9115 160 ST,Surrey Christian (Primary),School,http://www.surreychristian.com/campuses/primary/,Private,1001272245,-122.7804092,49.16840656
6325 142 ST,McLeod Road Traditional Elementary School,School,https://www.surreyschools.ca/schools/mcleodroad/About/ContactInfo/Pages/default.aspx,Elementary,1001346435,-122.8297531,49.11772408
13450 104 AVE,Surrey City Hall,Municipal,http://www.surrey.ca/city-government/14172.aspx,,1001557881,-122.8493185,49.19126191
6887 194A ST,Katzie Elementary School,School,https://www.surreyschools.ca/schools/katzie/Pages/default.aspx,Elementary,1001707068,-122.6853417,49.1289692
17070 102 AVE,Bothwell Elementary School,School,https://www.surreyschools.ca/schools/bothwell/Pages/default.aspx,Elementary,1001351971,-122.7487181,49.18738666
17944 COLEBROOK RD,Surrey Animal and Adoption Centre,Other,http://www.surrey.ca/city-services/11182.aspx,,1001706984,-122.7254771,49.09771839
6287 146 ST,Goldstone Park Elementary School,School,https://www.surreyschools.ca/schools/goldstonepark/pages/default.aspx,Elementary,1001706647,-122.8187919,49.11678758
14225 57 AVE,Annex Office,School,http://www.3d36.bc.ca,Administration,1001342089,-122.8283837,49.10660511
 10761 Dyke Rd,Tannery Dog-Off-Leash Area,Dog Off-Leash,http://www.surrey.ca/culture-recreation/2092.aspx,,1001716829,-122.8994991,49.19859264
 12863 60 Ave,Panorama Dog-Off-Leash Area,Dog Off-Leash,,,1001752851,-122.8648771,49.11225865
 12586 80 Ave,Serpentine Dog-Off-Leash Area,Dog Off-Leash,http://www.surrey.ca/culture-recreation/2069.aspx,,1001716912,-122.8735148,49.1420658
 7011 188 St,Clayton Dog-Off-Leash Area,Dog Off-Leash,http://www.surrey.ca/culture-recreation/7065.aspx,,1001757586,-122.703116,49.13033893
 15452 84 Ave,Freedom Dog-Off-Leash Area,Dog Off-Leash,http://www.surrey.ca/culture-recreation/2109.aspx,,1001781255,-122.7939233,49.15461473
 3136 McBride Ave,Blackie Spit Dog Off-Leash Swimming Beach,Dog Off-Leash,http://www.surrey.ca/culture-recreation/2201.aspx,,1001754713,-122.879926,49.06023995
 9058 Holt Rd,Kennedy Dog-Off-Leash Area,Dog Off-Leash,http://www.surrey.ca/culture-recreation/2078.aspx,,1001754712,-122.8848926,49.16740497
 3136 McBride Ave,Blackie Spit Dog-Off-Leash Area,Dog Off-Leash,http://www.surrey.ca/culture-recreation/2201.aspx,,1001716832,-122.8802479,49.0581396
 13485 20 Ave,Dogwood Dog-Off-Leash Area,Dog Off-Leash,http://www.surrey.ca/culture-recreation/2184.aspx,,1001716840,-122.8486321,49.04020254
,Tynehead Dog-Off-Leash Area,Dog Off-Leash,http://www.surrey.ca/culture-recreation/2135.aspx,,1001757587,-122.7591114,49.18213312
 15999 28 Ave,Wills Brook Dog-Off Leash Area,Dog Off-Leash,,,1001936551,-122.7797219,49.05553054
 13591 Crestview Dr,Bolivar Dog-Off-Leash Area,Dog Off-Leash,,,1001971400,-122.8474648,49.21088035
 10635 140 St,Forsyth Park Dog-Off-Leash Area,Dog Off-Leash,,,1001953443,-122.8349438,49.19586747
15101 105 Ave,Guildford Recreation Centre & Library Grounds - Skate Park,Skate Park,,,1001879039,-122.8020996,49.19339897
6240 Highway 15,Cloverdale Youth Park - Skate Park,Skate Park,,,1001753355,-122.7341893,49.11616534
13089 Summerhill Cres,Summerhill Park - Basketball - Half Courts,Games,,,1001439375,-122.8610894,49.03422017
1782 136 St,Bell Park - Tennis Courts,Tennis,http://www.surrey.ca/culture-recreation/2180.aspx,,1001439376,-122.8431955,49.03375084
8959 150 St,Maple Green Park - Tennis Courts,Tennis,http://www.surrey.ca/culture-recreation/2117.aspx,,1001439319,-122.8081024,49.16455728
8959 150 St,Maple Green Park - Basketball - Half Courts,Games,,,1001439320,-122.8081021,49.1646104
6240 Highway 15,Cloverdale Youth Park - Basketball Courts,Games,,,1001843466,-122.7340417,49.11599263
7395 128 St,Newton Athletic Park - Basketball - Half Courts,Games,,,1001887822,-122.8684794,49.1360325
8959 150 St,Maple Green Park - Hockey Courts,Games,,,1001439321,-122.8078909,49.1644945
10588 160 St,Fraser Heights Park - Tennis Courts,Tennis,http://www.surrey.ca/culture-recreation/Sports.aspx,,1001439312,-122.77497,49.1985085
10310 154 St,Guildford Heights Park - Basketball Courts,Games,,,1001439314,-122.7949771,49.18834766
15044 99A Ave,Douglas Park - Tennis Courts,Tennis,http://www.surrey.ca/culture-recreation/2133.aspx,,1001439315,-122.8044144,49.18166633
14962 98 Ave,Bonaccord Park - Basketball - Half Courts,Games,,,1001439316,-122.8081757,49.18015571
8959 150 St,Maple Green Park - Basketball - Half Courts,Games,,,1001439317,-122.807678,49.16478308
7395 128 St,Newton Athletic Park - Basketball - Half Courts,Games,,,1001887827,-122.8684779,49.13618815
7395 128 St,Newton Athletic Park - Basketball - Half Courts,Games,,,1001887828,-122.8684786,49.13634523
7395 128 St,Newton Athletic Park - Basketball - Half Courts,Games,,,1001887829,-122.868478,49.1365473
1925 148 St,South Surrey Athletic Park - Basketball Courts,Games,,,1001439382,-122.8183213,49.03935422
2040 150 St,Meridian by the Sea Park - Tennis Courts,Tennis,http://www.surrey.ca/culture-recreation/2213.aspx,,1001439383,-122.8063628,49.03904188
15455 26 Ave,Sunnyside Park - Tennis Courts,Tennis,http://www.surrey.ca/culture-recreation/2194.aspx,,1001439388,-122.7951024,49.0505833
15112 87B Ave,Evergreen Tot-lot - Basketball Courts,Games,,,1001439395,-122.8036684,49.16181159
10588 160 St,Fraser Heights Park - Basketball Courts,Games,,,1001439397,-122.77733,49.19469317
10588 160 St,Fraser Heights Park - Tennis Courts,Tennis,,,1001439400,-122.7775819,49.1956412
10588 160 St,Fraser Heights Park - Tennis Courts,Tennis,,,1001439404,-122.7777907,49.19556093
3302 156A St,Morgan Creek Park - Tennis Courts,Tennis,http://www.surrey.ca/culture-recreation/2203.aspx,,1001439393,-122.7879116,49.06214414
1925 148 St,South Surrey Athletic Park - Volleyball Courts,Volleyball,,,1001439398,-122.8143715,49.03610947
1925 148 St,South Surrey Athletic Park - Volleyball Courts,Volleyball,,,1001439399,-122.8141634,49.03610913
5850 146 St,Goldstone Park - Basketball Courts,Games,,,1001439405,-122.8174293,49.10907133
5850 146 St,Goldstone Park - Tennis Courts,Tennis,,,1001439406,-122.8155531,49.10851156
6220 184 St,Don Christian Park - Volleyball Courts,Volleyball,,,1001605850,-122.7094364,49.11559819
13035 104 Ave,Royal Kwantlen Park - Skate Park,Skate Park,http://www.surrey.ca/culture-recreation/2095.aspx,,1001439273,-122.8618739,49.1923511
8400 King George Blvd,Bear Creek Youth Park - Skate Park,Skate Park,http://www.surrey.ca/culture-recreation/2083.aspx,,1001439274,-122.8452088,49.15642148
1925 148 St,South Surrey Athletic Park - Skate Park,Skate Park,http://www.surrey.ca/culture-recreation/Sports.aspx,,1001439276,-122.8185513,49.03900852
16555 Fraser Hwy,Surrey Sport & Leisure Complex Grounds - Skate Park,Skate Park,http://www.surrey.ca/culture-recreation/1888.aspx,,1001439277,-122.7640063,49.15197471
10588 160 St,Fraser Heights Park - Skate Park,Skate Park,,,1001439278,-122.7769367,49.19456589
7395 128 St,Newton Athletic Park - Volleyball Courts,Volleyball,,,1001743630,-122.8693855,49.13568108
7395 128 St,Newton Athletic Park - Volleyball Courts,Volleyball,,,1001743629,-122.8692206,49.13568394
15101 105 Ave,Guildford Recreation Centre & Library Grounds - Skate Park,Skate Park,http://www.surrey.ca/culture-recreation/Sports.aspx,,1001439279,-122.8020247,49.19339725
6330 168 St,Cloverdale Athletic Park - Bike Park,Bike Park,,,1001439280,-122.7532065,49.11846537
1925 148 St,South Surrey Athletic Park - Bike Park,Bike Park,,,1001439281,-122.8182317,49.04132738
1925 148 St,South Surrey Athletic Park - Bike Park,Bike Park,,,1001439282,-122.8190101,49.04126737
1925 148 St,South Surrey Athletic Park - Bike Park,Bike Park,,,1001439283,-122.8187726,49.04345485
6330 168 St,Cloverdale Athletic Park - Bike Park,Bike Park,,,1001439284,-122.7539926,49.11848157
19340 88 Ave,Port Kells Park - Bike Park,Bike Park,,,1001439285,-122.6880962,49.15995923
8400 King George Blvd,Bear Creek Youth Park - Basketball Courts,Games,,,1001439324,-122.8448168,49.15653383
15802 80 Ave,Fleetwood Park - Tennis Courts,Tennis,http://www.surrey.ca/culture-recreation/2113.aspx,,1001439325,-122.7807586,49.14672015
2440 128 St,Crescent Park School Grounds - Tennis Courts,Tennis,http://www.surrey.ca/culture-recreation/2189.aspx,,1001439369,-122.8656745,49.04741155
2440 128 St,Crescent Park School Grounds - Tennis Courts,Tennis,http://www.surrey.ca/culture-recreation/2189.aspx,,1001439372,-122.8652271,49.04734761
2440 128 St,Crescent Park School Grounds - Tennis Courts,Tennis,http://www.surrey.ca/culture-recreation/2189.aspx,,1001439374,-122.8646213,49.0473487
12901 73 Ave,Parkwood Village Park - Basketball/Hockey Courts,Games,,,1001439337,-122.8665196,49.13551729
8959 150 St,Maple Green Park - Tennis Courts,Tennis,http://www.surrey.ca/culture-recreation/2117.aspx,,1001439323,-122.8073097,49.16448701
6272 152 St,Sullivan Park - Tennis Courts,Tennis,http://www.surrey.ca/culture-recreation/2028.aspx,,1001439345,-122.7968861,49.11584961
12151 Sullivan St,110A - Games Court - Basketball Courts,Games,,,1001439368,-122.8849826,49.05603052
15802 80 Ave,Fleetwood Park - Tennis Courts,Tennis,http://www.surrey.ca/culture-recreation/2113.aspx,,1001439326,-122.7804785,49.14663861
7395 128 St,Newton Athletic Park - Basketball Courts,Games,,,1001439328,-122.8691689,49.13704
1761 Lilac Dr,Alderwood Park - Basketball/Hockey Courts,Games,,,1001439385,-122.7846679,49.03384709
1761 Lilac Dr,Alderwood Park - Tennis Courts,Tennis,http://www.surrey.ca/culture-recreation/2191.aspx,,1001439386,-122.7843242,49.03385468
7676 122 St,Strawberry Hill Park - Volleyball Courts,Volleyball,,,1001935124,-122.8840354,49.14283557
14619 104A Ave,Whalley Reservoir Grounds - Basketball Courts,Games,,,1001439303,-122.8167654,49.19343601
14619 104A Ave,Whalley Reservoir Grounds - Tennis Courts,Tennis,http://www.surrey.ca/culture-recreation/2153.aspx,,1001439304,-122.8167706,49.19328216
14619 104A Ave,Whalley Reservoir Grounds - Tennis Courts,Tennis,http://www.surrey.ca/culture-recreation/2153.aspx,,1001439305,-122.8167721,49.19314664
14619 104A Ave,Whalley Reservoir Grounds - Basketball Courts,Games,,,1001439306,-122.8167754,49.19298424
5424 - 148 St,Bob Rutledge Park - Tennis Courts,Tennis,http://www.surrey.ca/culture-recreation/2041.aspx,,1001439348,-122.8104188,49.10105743
7080 190 St,Hazelgrove Park - Basketball Courts,Games,,,1001799741,-122.6953231,49.13127105
1782 136 St,Bell Park - Tennis Courts,Tennis,http://www.surrey.ca/culture-recreation/2180.aspx,,1001439377,-122.8431943,49.03361806
1761 Lilac Dr,Alderwood Park - Tennis Courts,Tennis,http://www.surrey.ca/culture-recreation/2191.aspx,,1001439387,-122.784126,49.03385368
10665 City Parkway,Tom Binnie Park - Lacrosse Box Courts,Lacrosse Box,,,1001888734,-122.8499794,49.19648282
1925 148 St,South Surrey Athletic Park - Tennis Courts,Tennis,http://www.surrey.ca/culture-recreation/2215.aspx,,1001439378,-122.818791,49.04098405
1925 148 St,South Surrey Athletic Park - Tennis Courts,Tennis,http://www.surrey.ca/culture-recreation/2215.aspx,,1001439379,-122.8185944,49.04098676
17375 2 Ave,Dufferin Park - Basketball/Hockey Courts,Games,,,1001751812,-122.7422378,49.0062641
15802 80 Ave,Fleetwood Park - Volleyball Courts,Volleyball,,,1001439390,-122.7815812,49.1469241
18513 70 Ave,Clayton Park - Basketball/Hockey Courts,Games,,,1001439363,-122.7057402,49.13286299
18513 70 Ave,Clayton Park - Tennis Courts,Tennis,http://www.surrey.ca/culture-recreation/2159.aspx,,1001439364,-122.7091293,49.13194166
18513 70 Ave,Clayton Park - Tennis Courts,Tennis,http://www.surrey.ca/culture-recreation/2159.aspx,,1001439365,-122.7093158,49.13168025
13428 Old Yale Road,Holland Park - Basketball - Half Courts,Games,,,1001873478,-122.850873,49.18526583
13428 Old Yale Road,Holland Park - Basketball - Half Courts,Games,,,1001873480,-122.8507242,49.18537105
7395 128 St,Newton Athletic Park - Tennis Courts,Tennis,http://www.surrey.ca/culture-recreation/2059.aspx,,1001439329,-122.8688741,49.13844876
7395 128 St,Newton Athletic Park - Tennis Courts,Tennis,http://www.surrey.ca/culture-recreation/2059.aspx,,1001439330,-122.8686706,49.13844938
7395 128 St,Newton Athletic Park - Tennis Courts,Tennis,http://www.surrey.ca/culture-recreation/2059.aspx,,1001439331,-122.8684632,49.1384509
7395 128 St,Newton Athletic Park - Tennis Courts,Tennis,http://www.surrey.ca/culture-recreation/2059.aspx,,1001439332,-122.8682611,49.13845067
7395 128 St,Newton Athletic Park - Tennis Courts,Tennis,http://www.surrey.ca/culture-recreation/2059.aspx,,1001439333,-122.8688723,49.1381264
7395 128 St,Newton Athletic Park - Tennis Courts,Tennis,http://www.surrey.ca/culture-recreation/2059.aspx,,1001439334,-122.8686675,49.13812707
7395 128 St,Newton Athletic Park - Tennis Courts,Tennis,http://www.surrey.ca/culture-recreation/2059.aspx,,1001439335,-122.8684613,49.13812769
7395 128 St,Newton Athletic Park - Tennis Courts,Tennis,http://www.surrey.ca/culture-recreation/2059.aspx,,1001439336,-122.8682552,49.13812836
17848 64 Ave,Cloverdale Youth Park - Skate Park,Skate Park,http://www.surrey.ca/culture-recreation/2174.aspx,,1001439275,-122.7286608,49.11840298
2786 192 St,Latimer Lake Park - Bike Park,Bike Park,,,1001845576,-122.6863884,49.05166933
14400 Currie Dr,Invergarry Park - Bike Park,Bike Park,,,1001605849,-122.8169825,49.20828762
13931 100 Ave,22D - Utility ROW - Bike Park,Bike Park,,,1001605779,-122.8349806,49.18653064
1472 - 128 St,Fun Fun Park - Bike Park,Bike Park,,,1001879038,-122.8664809,49.02945502
12863 60 Ave,Panorama Park - Bike Park,Bike Park,,,1001751333,-122.8656307,49.11281211
16555 Fraser Hwy,Surrey Sport & Leisure Complex Grounds - Basketball Courts,Games,,,1001439391,-122.7638796,49.15208554
15802 80 Ave,Fleetwood Park - Volleyball Courts,Volleyball,,,1001439392,-122.7815815,49.14703601
18513 70 Ave,Clayton Park - Bocce Courts,Bocce,,,1001439396,-122.7087621,49.13075794
15802 80 Ave,Fleetwood Park - Basketball Courts,Games,,,1001439408,-122.7808978,49.14727122
12688 70 Ave,Evershine Park - Volleyball Courts,Volleyball,,,1001801279,-122.8707898,49.12918288
12688 70 Ave,Evershine Park - Basketball/Hockey Courts,Games,,,1001439338,-122.8703671,49.12936895
12515 64 Ave,Tamanawis Park - Basketball Courts,Games,,,1001439339,-122.8739037,49.11959389
6275 128 St,Newton Reservoir Park - Basketball Courts,Games,,,1001439340,-122.8696331,49.11705442
13313 68 Ave,Unwin Park - Lacrosse Box Courts,Lacrosse Box,http://www.surrey.ca/culture-recreation/2020.aspx,,1001439341,-122.8522903,49.128577
13313 68 Ave,Unwin Park - Lacrosse Box Courts,Lacrosse Box,http://www.surrey.ca/culture-recreation/2020.aspx,,1001439342,-122.8525312,49.12803525
12688 70 Ave,Evershine Park - Volleyball Courts,Volleyball,,,1001801280,-122.8710078,49.12929363
10588 160 St,Fraser Heights Park - Tennis Courts,Tennis,,,1001439401,-122.777382,49.19564303
10588 160 St,Fraser Heights Park - Tennis Courts,Tennis,,,1001439402,-122.7771821,49.19564376
10588 160 St,Fraser Heights Park - Tennis Courts,Tennis,,,1001439403,-122.7769804,49.19564559
6998 148 St,T.E. Scott Elementary School Park - Volleyball Courts,Volleyball,,,1001942820,-122.811608,49.13008478
15434 Kildare Dr,Kettle Crescent Park - Volleyball Courts,Volleyball,,,1001942830,-122.7952612,49.11042581
8959 150 St,Maple Green Park - Tennis Courts,Tennis,http://www.surrey.ca/culture-recreation/2117.aspx,,1001439322,-122.807547,49.16448831
7080 190 St,Hazelgrove Park - Tennis Courts,Tennis,,,1001953356,-122.6954561,49.13155304
7080 190 St,Hazelgrove Park - Tennis Courts,Tennis,,,1001953358,-122.695652,49.13155356
11083 Swan Cres,Hummingbird Park - Tennis Courts,Tennis,http://www.surrey.ca/culture-recreation/2143.aspx,,1001439311,-122.8042257,49.20324722
9058 Holt Rd,Kennedy Park - Tennis Courts,Tennis,http://www.surrey.ca/culture-recreation/2078.aspx,,1001439297,-122.8860836,49.16776092
9058 Holt Rd,Kennedy Park - Tennis Courts,Tennis,http://www.surrey.ca/culture-recreation/2078.aspx,,1001439298,-122.8858869,49.16775888
9058 Holt Rd,Kennedy Park - Tennis Courts,Tennis,http://www.surrey.ca/culture-recreation/2078.aspx,,1001439299,-122.8862755,49.16743953
9058 Holt Rd,Kennedy Park - Tennis Courts,Tennis,http://www.surrey.ca/culture-recreation/2078.aspx,,1001439300,-122.8860899,49.16743934
9058 Holt Rd,Kennedy Park - Tennis Courts,Tennis,http://www.surrey.ca/culture-recreation/2078.aspx,,1001439301,-122.8859015,49.16743731
8959 150 St,Maple Green Park - Tennis Courts,Tennis,http://www.surrey.ca/culture-recreation/2117.aspx,,1001439318,-122.8081028,49.16443616
13313 68 Ave,Unwin Park - Basketball/Hockey Courts,Games,,,1001439343,-122.8524039,49.12682749
14069 68 Ave,Hazelnut Meadows Community Park - Basketball Courts,Games,,,1001439344,-122.8339697,49.12777113
6330 168 St,Cloverdale Athletic Park - Tennis Courts,Tennis,http://www.surrey.ca/culture-recreation/2177.aspx,,1001439352,-122.7561731,49.11703874
11475 126A St,Bridgeview Park - Tennis Courts,Tennis,http://www.surrey.ca/culture-recreation/2085.aspx,,1001439286,-122.8717542,49.21057591
11475 126A St,Bridgeview Park - Basketball Courts,Games,,,1001439287,-122.8719836,49.21056484
10665 City Parkway,Tom Binnie Park - Basketball Courts,Games,,,1001439288,-122.8497078,49.19613971
13035 104 Ave,Royal Kwantlen Park - Lacrosse Box Courts,Lacrosse Box,http://www.surrey.ca/culture-recreation/2095.aspx,,1001439289,-122.8627169,49.19222554
13035 104 Ave,Royal Kwantlen Park - Tennis Courts,Tennis,http://www.surrey.ca/culture-recreation/2095.aspx,,1001439290,-122.8613464,49.19214947
18513 70 Ave,Clayton Park - Tennis Courts,Tennis,http://www.surrey.ca/culture-recreation/2159.aspx,,1001439366,-122.7090884,49.13167864
2040 150 St,Meridian by the Sea Park - Tennis Courts,Tennis,http://www.surrey.ca/culture-recreation/2213.aspx,,1001439384,-122.8061607,49.03904271
3302 156A St,Morgan Creek Park - Tennis Courts,Tennis,http://www.surrey.ca/culture-recreation/2203.aspx,,1001439394,-122.7877328,49.06208665
12576 100 Ave,Robson Park - Tennis Courts,Tennis,http://www.surrey.ca/culture-recreation/2074.aspx,,1001439294,-122.8727603,49.18417858
13035 104 Ave,Royal Kwantlen Park - Tennis Courts,Tennis,http://www.surrey.ca/culture-recreation/2095.aspx,,1001439291,-122.8613469,49.19199299
6272 152 St,Sullivan Park - Tennis Courts,Tennis,http://www.surrey.ca/culture-recreation/2028.aspx,,1001439346,-122.796686,49.11585101
15455 26 Ave,Sunnyside Park - Tennis Courts,Tennis,http://www.surrey.ca/culture-recreation/2194.aspx,,1001439389,-122.7948747,49.05057331
5424 - 148 St,Bob Rutledge Park - Tennis Courts,Tennis,http://www.surrey.ca/culture-recreation/2041.aspx,,1001439347,-122.8106129,49.1010537
6330 168 St,Cloverdale Athletic Park - Tennis Courts,Tennis,http://www.surrey.ca/culture-recreation/2177.aspx,,1001439353,-122.7559737,49.11703817
5424 - 148 St,Bob Rutledge Park - Basketball Courts,Games,,,1001439349,-122.8106386,49.1007971
6330 168 St,Cloverdale Athletic Park - Tennis Courts,Tennis,http://www.surrey.ca/culture-recreation/2177.aspx,,1001439350,-122.7561628,49.11736849
2440 128 St,Crescent Park School Grounds - Tennis Courts,Tennis,http://www.surrey.ca/culture-recreation/2189.aspx,,1001439370,-122.8656735,49.04729569
6330 168 St,Cloverdale Athletic Park - Lacrosse Box Courts,Lacrosse Box,http://www.surrey.ca/culture-recreation/2177.aspx,,1001439354,-122.7542804,49.11600607
13035 104 Ave,Royal Kwantlen Park - Basketball Courts,Games,,,1001439292,-122.8613789,49.19230805
6330 168 St,Cloverdale Athletic Park - Tennis Courts,Tennis,http://www.surrey.ca/culture-recreation/2177.aspx,,1001439351,-122.755965,49.11736972
2440 128 St,Crescent Park School Grounds - Tennis Courts,Tennis,http://www.surrey.ca/culture-recreation/2189.aspx,,1001439371,-122.8654243,49.04734874
12576 100 Ave,Robson Park - Tennis Courts,Tennis,http://www.surrey.ca/culture-recreation/2074.aspx,,1001439293,-122.8729988,49.18417655
9058 Holt Rd,Kennedy Park - Tennis Courts,Tennis,http://www.surrey.ca/culture-recreation/2078.aspx,,1001439295,-122.886272,49.16776111
9058 Holt Rd,Kennedy Park - Tennis Courts,Tennis,http://www.surrey.ca/culture-recreation/2078.aspx,,1001439296,-122.8860859,49.16798261
6330 168 St,Cloverdale Athletic Park - Basketball/Hockey Courts,Games,,,1001439355,-122.7537218,49.11610968
5880 Aberdeen St,Cloverdale Heights Park - Tennis Courts,Tennis,http://www.surrey.ca/culture-recreation/2176.aspx,,1001439356,-122.7498661,49.10917413
5880 Aberdeen St,Cloverdale Heights Park - Basketball Courts,Games,,,1001439357,-122.749652,49.10918873
17848 64 Ave,Cloverdale Youth Park - Basketball Courts,Games,,,1001439358,-122.7281179,49.11828939
17905 60 Ave,Greenaway Park - Tennis Courts,Tennis,http://www.surrey.ca/culture-recreation/2164.aspx,,1001439359,-122.72745,49.11212897
6220 184 St,Don Christian Park - Basketball/Hockey Courts,Games,,,1001439361,-122.712162,49.11589692
6220 184 St,Don Christian Park - Volleyball Courts,Volleyball,,,1001439362,-122.7096569,49.11559779
12160 Beecher St,Crescent Beach - Volleyball Courts,Volleyball,,,1001439367,-122.8867543,49.05724465
11083 Swan Cres,Hummingbird Park - Tennis Courts,Tennis,http://www.surrey.ca/culture-recreation/2143.aspx,,1001439310,-122.8042213,49.20340378
12730 92 Ave,Robertson Drive Park - Basketball Courts,Games,,,1001439302,-122.8704735,49.16894773
2440 128 St,Crescent Park School Grounds - Tennis Courts,Tennis,http://www.surrey.ca/culture-recreation/2189.aspx,,1001439373,-122.8648255,49.04734804
5850 146 St,Goldstone Park - Tennis Courts,Tennis,,,1001439407,-122.8153542,49.10851124
15802 80 Ave,Fleetwood Park - Tennis Courts,Tennis,http://www.surrey.ca/culture-recreation/2113.aspx,,1001439327,-122.7802782,49.14663823
10706 148 St,Holly Park - Basketball - Half Courts,Games,,,1001439307,-122.8104256,49.19715191
10706 148 St,Holly Park - Lacrosse Box Courts,Lacrosse Box,http://www.surrey.ca/culture-recreation/2131.aspx,,1001439308,-122.8099603,49.19715744
14875 108A Ave,Riverside Park - Basketball Courts,Games,,,1001439309,-122.8101467,49.20133769
17905 60 Ave,Greenaway Park - Tennis Courts,Tennis,http://www.surrey.ca/culture-recreation/2164.aspx,,1001439360,-122.7272082,49.11212637
10588 160 St,Fraser Heights Park - Tennis Courts,Tennis,http://www.surrey.ca/culture-recreation/Sports.aspx,,1001439313,-122.7747699,49.19850986
1925 148 St,South Surrey Athletic Park - Tennis Courts,Tennis,http://www.surrey.ca/culture-recreation/2215.aspx,,1001439380,-122.8182768,49.04098401
1925 148 St,South Surrey Athletic Park - Tennis Courts,Tennis,http://www.surrey.ca/culture-recreation/2215.aspx,,1001439381,-122.8180778,49.04098293
 7395 128 St,Newton Athletic Park Water Park,Water Park,,,1001883987,-122.8700797,49.13570678
 13313 68 Ave,Unwin Park Water Park,Water Park,http://www.surrey.ca/culture-recreation/15217.aspx,,1001440931,-122.854004,49.12716326
 15802 80 Ave,Fleetwood Park Water Park,Water Park,http://www.surrey.ca/culture-recreation/2113.aspx,,1001440946,-122.782865,49.14785683
 15920 110 Ave,Erma Stephenson Park Water Park,Water Park,http://www.surrey.ca/culture-recreation/2149.aspx,,1001440929,-122.7810569,49.2019381
 10503 144 St,Hawthorne Park Water Park,Water Park,http://www.surrey.ca/culture-recreation/15217.aspx,,1001440945,-122.82454,49.19336713
 11475 126A St,Bridgeview Park Water Park,Water Park,http://www.surrey.ca/culture-recreation/2085.aspx,,1001440938,-122.8713392,49.21012816
 6330 168 St,Cloverdale Athletic Park Water Park,Water Park,http://www.surrey.ca/culture-recreation/15217.aspx,,1001440952,-122.7532852,49.11582251
 5850 146 St,Goldstone Park Water Park,Water Park,,,1001441046,-122.8170802,49.10858379
 7080 190 St,Hazelgrove Park Water Park,Water Park,,,1001799743,-122.6956845,49.13192686
 1925 148 St,South Surrey Athletic Park Water Park,Water Park,http://www.surrey.ca/culture-recreation/15217.aspx,,1001440951,-122.8173957,49.0404284
 1925 148 St, Water Park,Water Park,,,1001908344,-122.8164318,49.04056192
 13750 88 Ave,Bear Creek Park Water Park,Water Park,,,1001440948,-122.840439,49.16029515
15996 84 AVENUE,Fleetwood Library                                                                                                               ,Library,http://www.surreylibraries.ca/location-hours/4678.aspx,,1001222980,-122.7796424,49.15504997
13479 76 AVENUE,KEY (Knowledge Education for Youth) Program                                                                                     ,School,https://www.surreyschools.ca/Lists/SD36.Intranet.Mobile.Connect-SchoolInfo/DispForm.aspx?ID=175,Programs and Services,1001274175,-122.849233,49.1415046
13479 76 AVENUE,TREES Program                                                                                                                   ,School,http://www.pcrs.ca/trees,Programs and Services,1001274175,-122.8490959,49.14150442
13104 109 AVENUE,City Central Learning Centre                                                                                                    ,School,https://www.surreyschools.ca/schools/citycentrallc/Pages/default.aspx,Elementary,1001267188,-122.858481,49.20042875
13750 88 Avenue,Surrey Art Gallery,Attraction,http://www.surrey.ca/culture-recreation/1537.aspx,Tourism,1001222954,-122.8421785,49.16239467
13750 88 Avenue,Studio Theatre at Surrey Arts Centre,Attraction,https://www.surrey.ca/culture-recreation/1635.aspx,Tourism,1001222954,-122.8420413,49.16239448
13750 88 Avenue,Main Stage at Surrey Arts Centre,Attraction,http://www.surrey.ca/culture-recreation/1629.aspx,Tourism,1001222954,-122.8420276,49.16239446
2381 KING GEORGE BOULEVARD,Hollywood Cinema Carprice                                                                                                       ,Movie Theatre,http://www.hollywood3.ca/listings/caprice-white-rock/,,1001243400,-122.7943297,49.04502272
7443 128 STREET,Binaka Auto                                                                                                                     ,Garbage and Recycling,http://www.binakaauto.com/,Used Oil,1001266315,-122.8692003,49.14355257
7443 128 STREET,Scott 72 Bottle & Return-It Depot                                                                                               ,Garbage and Recycling,https://www.return-it.ca/locations/scott-72-bottle-return-it-depot/,Bottle Depot,1001266315,-122.8690632,49.14355242
17857 56 AVENUE,Cloverdale Traditional                                                                                                          ,School,https://www.surreyschools.ca/schools/cloverdaletraditional/Pages/default.aspx,District Program School,1001302403,-122.7279734,49.10474989
12161 72 AVENUE,Cineplex Odeon Strawberry Hill Cinemas                                                                                          ,Movie Theatre,http://www.cineplex.com/Theatres/TheatreDetails/Cineplex-Odeon-Strawberry-Hill-Cinemas.aspx,,1001317216,-122.8872319,49.13591846
13750 96 AVENUE,Adolescent Psychiatric Unit                                                                                                     ,School,https://www.surreyschools.ca/Lists/SD36.Intranet.Mobile.Connect-SchoolInfo/DispForm.aspx?ID=169&ContentTypeId=0x01008935B4D1A3A74123832C0CD477EA78DC008DCAAC7B16453A4B9F8E89C66C27E7FE,Programs and Services,1001253734,-122.8424057,49.17589123
7125 138 STREET,Hollywood 3 Cinemas                                                                                                             ,Movie Theatre,http://www.hollywood3.ca/listings/surrey/,,1001247352,-122.8406192,49.13191227
6050 176 STREET,Fairgrounds - Area Lighting/Infrastructure                                                                                      ,Community Hall/Centre,http://www.cloverdalerodeo.com/facilities-and-events/,,1001222972,-122.7343281,49.11288135
6050 176 STREET,Fairgrounds - Products Building                                                                                                 ,Community Hall/Centre,http://www.cloverdalerodeo.com/facilities-and-events/,,1001222972,-122.7341911,49.11288103
14225 GREEN TIMBERS WAY,Surrey Nature Centre Classroom Building                                                                                         ,Attraction,http://www.surrey.ca/culture-recreation/2311.aspx,,1001223012,-122.8301976,49.1792689
6188 176 STREET,Cloverdale Recreation Centre,Seniors Centre,http://www.surrey.ca/culture-recreation/5030.aspx,,1001356175,-122.733921,49.11524532
12772 88 AVENUE,Aboriginal Ed Continuance Hospital & Homebound Programs                                                                         ,School,https://www.surreyschools.ca/departments/EDSC/StudentSupport/HospitalHomebound/Pages/default.aspx,Programs and Services,1001343214,-122.8686318,49.16211569
10707 146 STREET,HOPE (Helping Others Provide Education) program                                                                                 ,School,https://www.surreyschools.ca/schools/guildfordpark/About/ContactInfo/Pages/default.aspx,Programs and Services,1001318845,-122.8185697,49.1970202
9457 KING GEORGE BOULEVARD,Queen Elizabeth Adult Education Centre                                                                                          ,School,https://www.surreyschools.ca/schools/queenelizabethadulted/Pages/default.aspx,Adult/Continuing Education,1001264552,-122.8473286,49.17456587
1732 152 STREET,Hollywood Cinemas Rialto                                                                                                        ,Movie Theatre,http://www.hollywood3.ca/listings/rialto-white-rock/,,1001229363,-122.8005453,49.03342509
6840 KING GEORGE BOULEVARD,PLEA (Daughters and Sisters) and TREK programs                                                                                  ,School,http://www.gofoundations.ca/contact,Programs and Services,1001251902,-122.8445844,49.12696704
6840 KING GEORGE BOULEVARD,Lee School                                                                                                                      ,School,http://www.options.bc.ca/youth-services/options-for-schools,Programs and Services,1001251902,-122.8444473,49.12696686
13875 113 AVENUE,Surrey Traditional                                                                                                              ,School,https://www.surreyschools.ca/schools/surreytraditional/Pages/default.aspx,District Program School,1001249963,-122.8378367,49.20829328
1815 152 STREET,Semiahmoo Library                                                                                                               ,Library,http://www.surreylibraries.ca/location-hours/4680.aspx,,1001335477,-122.8017893,49.03518556
1815 152 STREET,South Surrey RCMP District Office                                                                                               ,RCMP,http://www.surreyrcmp.ca,,1001335477,-122.8016525,49.03518533
13730 72 AVENUE,Newton Indoor Wave Pool                                                                                                         ,Swimming Pool,http://www.surrey.ca/culture-recreation/7325.aspx,,1001223008,-122.8422019,49.13297036
13742 72 AVENUE,Library Administration Office                                                                                                   ,Library,http://www.surreylibraries.ca/location-hours/4994.aspx,,1001223008,-122.8420648,49.13297017
13730 72 AVENUE,Newton Youth Centre                                                                                                             ,Youth Centre,http://www.surrey.ca/youth/104.aspx,,1001223008,-122.8420511,49.13297015
13730 72 AVENUE,Newton Community Hall                                                                                                           ,Community Hall/Centre,http://www.surrey.ca/culture-recreation/7325.aspx,,1001223008,-122.8420374,49.13297013
12870 72 AVENUE,B.C.I.T. Surrey Campus                                                                                                          ,School,http://www.bcit.ca,Post-Secondary,1001249683,-122.8658157,49.13199495
12870 72 AVENUE,Newton Adult Education Centre                                                                                                   ,School,https://www.surreyschools.ca/schools/newtonadulted/Pages/default.aspx,Adult/Continuing Education,1001249683,-122.8656786,49.13199479
13450 102 AVENUE,Surrey Visitor Centre                                                                                                           ,Other,http://www.tourismsurrey.com/,Tourism,1001350568,-122.8494514,49.18628641
10153 KING GEORGE BOULEVARD,B.C. Surrey Passport Office                                                                                                     ,Other,http://www.ppt.gc.ca/service/index.aspx?lang=eng&city=Surrey&province=BC&chkPPTC=on&chkCPC=on&chkSCC=on,Private,1001350568,-122.8493141,49.18628623
14601 20 AVENUE,South Surrey Youth Centre                                                                                                       ,Youth Centre,http://www.surrey.ca/youth/107.aspx,,1001222968,-122.8184085,49.03999598
10275 CITY PARKWAY,North Surrey Indoor Pool                                                                                                        ,Swimming Pool,http://www.surrey.ca/culture-recreation/1749.aspx,,1001222926,-122.8489579,49.18966246
10275 CITY PARKWAY,North Surrey Arena                                                                                                              ,Arena,http://www.surrey.ca/culture-recreation/1810.aspx,,1001222926,-122.8488207,49.18966228
15105 105 AVENUE,Guildford Library                                                                                                               ,Library,http://www.surreylibraries.ca/location-hours/4672.aspx,,1001222939,-122.802716,49.19390879
15105 105 AVENUE,Guildford Seniors Centre                                                                                                        ,Seniors Centre,http://www.surrey.ca/culture-recreation/1876.aspx,,1001222939,-122.8025788,49.19390855
15105 105 AVENUE,Guildford Youth Centre                                                                                                          ,Youth Centre,http://www.surrey.ca/youth/105.aspx,,1001222939,-122.8025651,49.19390853
15105 105 AVENUE,Library Technical Services                                                                                                      ,Library,http://www.surreylibraries.ca/location-hours/4672.aspx,,1001222939,-122.8025513,49.19390851
15372 94 AVENUE,Child Day Treatment Outreach Program                                                                                            ,School,https://www.surreyschools.ca/Lists/SD36.Intranet.Mobile.Connect-SchoolInfo/DispForm.aspx?ID=170&ContentTypeId=0x01008935B4D1A3A74123832C0CD477EA78DC008DCAAC7B16453A4B9F8E89C66C27E7FE,Programs and Services,1001293492,-122.7966457,49.17282581
19233 60 AVENUE,Surrey Connect                                                                                                                  ,School,http://www.surreyconnect.sd36.bc.ca/Pages/Default.aspx,Adult/Continuing Education,1001283054,-122.6898319,49.11204602
15225 98 AVENUE,Mountainview Montessori                                                                                                         ,School,https://www.surreyschools.ca/schools/mountainview/Pages/default.aspx,District Program School,1001314522,-122.7998888,49.18087844
14727 108 AVENUE,Guildford Bottle Depot 2001                                                                                                     ,Garbage and Recycling,http://www.return-it.ca/locations/guildford-bottle-depot/,Bottle Depot,1001233294,-122.8145351,49.19933055
14727 108 AVENUE,LINKS Program                                                                                                                   ,School,http://www.pcrs.ca/links,Programs and Services,1001233294,-122.8143978,49.19933033
1785 148 STREET,South Surrey/White Rock Continuing Education                                                                                    ,School,https://www.surreyschools.ca/schools/whiterocklc/Pages/default.aspx,Adult/Continuing Education,1001322589,-122.8135175,49.03493823
6228 184 STREET,Don Christian Recreation Centre,Youth Centre,http://www.surrey.ca/youth/108.aspx,,1001222973,-122.711254,49.11552533
16555 FRASER HIGHWAY,Surrey Sport and Leisure Complex Arena                                                                                          ,Arena,http://www.surrey.ca/culture-recreation/4838.aspx,,1001222990,-122.7646273,49.15299288
16555 FRASER HIGHWAY,Surrey Sport and Leisure Complex Indoor Pool                                                                                    ,Swimming Pool,http://www.surrey.ca/culture-recreation/1888.aspx,,1001222990,-122.7644901,49.1529926
16555 FRASER HIGHWAY,Surrey Sport and Leisure Complex Retail                                                                                         ,Recreation Centre,http://www.surrey.ca/culture-recreation/4838.aspx,,1001222990,-122.7644764,49.15299258
13479 77 AVENUE,FASTRAK & Foundations Program                                                                                                   ,School,http://www.surreyconnect.sd36.bc.ca/Pages/Default.aspx,Programs and Services,1001252893,-122.8483528,49.14317457
10350 UNIVERSITY DRIVE,Surrey Public Library Administration Office                                                                                     ,Library,http://www.surrey.ca/city-government/5019.aspx,,1001223090,-122.8492578,49.19070008
14033 92 AVENUE,North Surrey Learning Centre                                                                                                    ,School,https://www.surreyschools.ca/schools/northsurreylc/Pages/default.aspx,Adult/Continuing Education,1001262908,-122.8337416,49.1706151
14033 92 AVENUE,Surrey Connect (K-12)                                                                                                           ,School,http://www.surreyconnect.sd36.bc.ca/Pages/Default.aspx,Secondary,1001262908,-122.8336044,49.1706149
6250 144 STREET,Bell Performing Arts Centre                                                                                                     ,Attraction,http://www.bellperformingartscentre.sd36.bc.ca/,Secondary,1001270687,-122.8214762,49.11643104
13458 107A AVENUE,Sunrise Pavilion Seniors Centre                                                                                                 ,Seniors Centre,http://www.surrey.ca/culture-recreation/1792.aspx,,1001222918,-122.8491426,49.19692247
