Date/Time,Year,Month,Mean Max Temp (°C),Mean Max Temp Flag,Mean Min Temp (°C),Mean Min Temp Flag,Mean Temp (°C),Mean Temp Flag,Extr Max Temp (°C),Extr Max Temp Flag,Extr Min Temp (°C),Extr Min Temp Flag,Total Rain (mm),Total Rain Flag,Total Snow (cm),Total Snow Flag,Total Precip (mm),Total Precip Flag,Snow Grnd Last Day (cm),Snow Grnd Last Day Flag,Dir of Max Gust (10's deg),Dir of Max Gust Flag,Spd of Max Gust (km/h),Spd of Max Gust Flag
1929-01,1929,1,3.6,,-3.3,,0.2,,11.1,,-13.3,S,36.3,,23.9,,60.2,,,,,,,
1929-02,1929,2,6.2,,-1.9,,2.2,,10.6,S,-11.1,,29.2,,1.3,,30.5,,,,,,,
1929-03,1929,3,10.8,,3.7,,7.3,,14.4,,0.6,S,77,,0,,77,,,,,,,
1929-04,1929,4,13.1,,3.8,,8.5,,18.9,,-1.7,,41.4,,0,,41.4,,,,,,,
1929-05,1929,5,17.1,,7.7,,12.4,,21.1,,3.9,S,36.3,,0,,36.3,,,,,,,
1929-06,1929,6,19.5,,9.9,,14.7,,23.9,,6.7,S,30.2,,0,,30.2,,,,,,,
1929-07,1929,7,23.8,,11.1,,17.5,,28.9,,6.7,,15.7,,0,,15.7,,,,,,,
1929-08,1929,8,23.9,,12.3,,18.1,,27.8,,7.8,,24.6,,0,,24.6,,,,,,,
1929-09,1929,9,21.8,,10.1,,16,,30,,5,,16,,0,,16,,,,,,,
1929-10,1929,10,16.9,,7.7,,12.3,,24.4,,2.8,S,52.1,,0,,52.1,,,,,,,
1929-11,1929,11,10.2,,2.7,,6.5,,14.4,,-2.8,S,62.7,,0,,62.7,,,,,,,
1929-12,1929,12,6.7,,1.2,,4,,13.3,,-7.2,,95.8,,30.5,,126.2,,,,,,,
1930-01,1930,1,3,,-5.8,,-1.4,,8.9,,-12.2,,64.5,,2.5,,67.1,,,,,,,
1930-02,1930,2,9.9,,2.1,,6,,13.9,,-1.7,,165.9,,0,T,165.9,,,,,,,
1930-03,1930,3,11.8,,2.6,,7.2,,19.4,,-1.7,S,66.3,,0,,66.3,,,,,,,
1930-04,1930,4,15.4,,6.4,,10.9,,19.4,,2.2,,75.7,,0,,75.7,,,,,,,
1930-05,1930,5,17.1,,7,,12.1,,23.3,,1.7,,55.1,,0,,55.1,,,,,,,
1930-06,1930,6,20.1,,9.9,,15,,26.7,,5.6,,52.6,,0,,52.6,,,,,,,
1930-07,1930,7,23.4,,11.1,,17.3,,30.6,,7.8,S,2.5,,0,,2.5,,,,,,,
1930-08,1930,8,24.2,,12.6,,18.4,,27.2,S,9.4,,5.8,,0,,5.8,,,,,,,
1930-09,1930,9,20.4,,10.8,,15.6,,26.1,,5.6,,65.5,,0,,65.5,,,,,,,
1930-10,1930,10,14.6,,5.9,,10.3,,19.4,,-1.1,,173.5,,0,,173.5,,,,,,,
1930-11,1930,11,10,,3,,6.5,,17.8,,-3.9,,66,,6.4,,72.4,,,,,,,
1930-12,1930,12,9,,2.9,,6,,14.4,,-2.2,,64.5,,0,,64.5,,,,,,,
1931-01,1931,1,9.7,,4.1,,6.9,,17.2,,-0.6,,216.7,,0,,216.7,,,,,,,
1931-02,1931,2,9.9,,2.9,,6.4,,15,,0,S,76.5,,0,T,76.5,,,,,,,
1931-03,1931,3,11.9,,4.4,,8.2,,15.6,,-0.6,,156.5,,5.8,,162.3,,,,,,,
1931-04,1931,4,16.4,,6.2,,11.3,,25.6,S,0.6,,66.5,,0,,66.5,,,,,,,
1931-05,1931,5,19.7,,8.9,,14.3,,26.1,,3.9,,52.1,,0,,52.1,,,,,,,
1931-06,1931,6,20.5,,10.7,,15.6,,26.1,,7.8,,137.4,,0,,137.4,,,,,,,
1931-07,1931,7,24.1,,11.7,,17.9,,28.9,,8.3,,9.9,,0,,9.9,,,,,,,
1931-08,1931,8,23.7,,11.7,,17.7,,33.3,,8.9,,5.3,,0,,5.3,,,,,,,
1931-09,1931,9,19.2,,10.8,,15,,24.4,,6.7,S,148.3,,0,,148.3,,,,,,,
1931-10,1931,10,15.4,,7.3,,11.4,,21.7,,3.3,,62.5,,0,,62.5,,,,,,,
1931-11,1931,11,9.1,,2.5,,5.8,,15,,-4.4,,134.6,,6.4,,141,,,,,,,
1931-12,1931,12,7.3,,2.4,,4.9,,12.2,,-2.8,,175.5,,3.8,,179.3,,,,,,,
1932-01,1932,1,5.3,,0.1,,2.7,,9.4,S,-10.6,,123.4,,25.4,,148.8,,,,,,,
1932-02,1932,2,8.2,,1.9,,5.1,,13.3,S,-10,,137.2,,2.5,,139.7,,,,,,,
1932-03,1932,3,12,,5.6,,8.8,,18.3,,0.6,,187.7,,6.4,,194.1,,,,,,,
1932-04,1932,4,15.8,,6.3,,11.1,,23.3,,2.2,,101.1,,0,,101.1,,,,,,,
1932-05,1932,5,19.1,,7.6,,13.4,,28.3,,3.3,S,17.5,,0,,17.5,,,,,,,
1932-06,1932,6,22.2,,10.4,,16.3,,30,,6.1,,50,,0,,50,,,,,,,
1932-07,1932,7,21.1,,11.3,,16.2,,23.9,,7.2,,111.3,,0,,111.3,,,,,,,
1932-08,1932,8,23.1,,11.8,,17.5,,27.2,,8.9,,19.6,,0,,19.6,,,,,,,
1932-09,1932,9,21.1,,9.3,,15.2,,25.6,S,5.6,,40.1,,0,,40.1,,,,,,,
1932-10,1932,10,16.4,,7.5,,12,,28.9,,2.2,,128.5,,0,,128.5,,,,,,,
1932-11,1932,11,11.4,,6.4,,8.9,,16.7,,2.2,,202.9,,0,,202.9,,,,,,,
1932-12,1932,12,6.4,,0.1,,3.3,,11.7,,-10,,124.5,,0,T,124.5,,,,,,,
1933-01,1933,1,6.3,,1.3,,3.8,,10.6,S,-3.3,,118.4,,29.2,,147.6,,,,,,,
1933-02,1933,2,6.1,,-0.7,,2.7,,12.2,,-12.2,,80.3,,5.1,,85.3,,,,,,,
1933-03,1933,3,11.3,,3.5,,7.4,,17.2,S,-1.7,,97.5,,0,,97.5,,,,,,,
1933-04,1933,4,14.8,,4.3,,9.6,,20.6,,0.6,,10.7,,0,,10.7,,,,,,,
1933-05,1933,5,16.4,,7.7,,12.1,,20.6,,4.4,,82.3,,0,,82.3,,,,,,,
1933-06,1933,6,20.5,,9.6,,15.1,,27.8,,3.9,,31,,0,,31,,,,,,,
1933-07,1933,7,22.5,,10.9,,16.7,,27.2,,7.2,S,35.8,,0,,35.8,,,,,,,
1933-08,1933,8,24.3,,12.8,,18.6,,32.8,,8.9,,22.9,,0,,22.9,,,,,,,
1933-09,1933,9,18.1,,9.8,,14,,23.9,,2.2,,141.2,,0,,141.2,,,,,,,
1933-10,1933,10,14.7,,7.1,,10.9,,22.2,,1.7,,153.2,,0,,153.2,,,,,,,
1933-11,1933,11,10.6,,5.4,,8,,15,,-1.1,,94.2,,0,,94.2,,,,,,,
1933-12,1933,12,7.7,,2.8,,5.3,,12.2,,-3.3,S,243.3,,2.5,,245.9,,,,,,,
1934-01,1934,1,9.2,,3.4,,6.3,,11.7,S,-0.6,,200.2,,0,,200.2,,,,,,,
1934-02,1934,2,11.9,,3.1,,7.5,,17.2,,-0.6,,63.8,,0,,63.8,,,,,,,
1934-03,1934,3,13.4,,5.3,,9.4,,18.3,,1.7,,116.6,,0,,116.6,,,,,,,
1934-04,1934,4,17.4,,7.6,,12.5,,26.7,,3.9,S,31.5,,0,,31.5,,,,,,,
1934-05,1934,5,20,,7.6,,13.8,,27.8,,3.9,,51.8,,0,,51.8,,,,,,,
1934-06,1934,6,23.8,,9.2,,16.5,,28.9,,3.9,,13.7,,0,,13.7,,,,,,,
1934-07,1934,7,23.3,,11,,17.2,,28.3,,6.7,,26.2,,0,,26.2,,,,,,,
1934-08,1934,8,23.8,,11.2,,17.5,,32.2,,7.8,,30.2,,0,,30.2,,,,,,,
1934-09,1934,9,19.7,,8.7,,14.2,,28.9,,0,,47.5,,0,,47.5,,,,,,,
1934-10,1934,10,16,,6.4,,11.2,,23.9,,1.1,,63.2,,0,,63.2,,,,,,,
1934-11,1934,11,11.7,,6.3,,9,,16.7,,1.1,,179.8,,0,,179.8,,,,,,,
1934-12,1934,12,7.7,,2.3,,5,,11.1,,-3.9,,204,,7.6,,211.6,,,,,,,
1935-01,1935,1,5.9,,-0.2,,2.9,,15.6,,-16.1,,333.8,,68.8,,402.6,,,,,,,
1935-02,1935,2,10.7,,2.8,,6.8,,13.9,S,-3.3,,72.1,,0,,72.1,,,,,,,
1935-03,1935,3,9.6,,2.2,,5.9,,12.8,,-1.7,,152.1,,4.6,,156.7,,,,,,,
1935-04,1935,4,14.7,,3,,8.9,,20.6,,-2.8,S,36.8,,0,,36.8,,,,,,,
1935-05,1935,5,18.4,,6.4,,12.4,,22.2,S,3.3,S,6.9,,0,,6.9,,,,,,,
1935-06,1935,6,21.6,,9.8,,15.7,,28.3,,5,,22.4,,0,,22.4,,,,,,,
1935-07,1935,7,22.9,,11.7,,17.3,,30.6,,7.8,,41.9,,0,,41.9,,,,,,,
1935-08,1935,8,23,,11.6,,17.3,,31.1,S,7.2,,26.4,,0,,26.4,,,,,,,
1935-09,1935,9,21.1,,10.2,,15.7,,25.6,S,5,,65.5,,0,,65.5,,,,,,,
1935-10,1935,10,13.9,,6,,10,,23.3,,-5.6,,101.3,,0,,101.3,,,,,,,
1935-11,1935,11,9.5,,2.4,,6,,13.3,,-5.6,,78,,0,,78,,,,,,,
1935-12,1935,12,9.3,,3.9,,6.6,,12.8,S,-2.8,,93.5,,0,,93.5,,,,,,,
1936-01,1936,1,8,,2.8,,5.4,,11.1,,-5,,180.3,,0,,180.3,,,,,,,
1936-02,1936,2,3.5,,-4.9,,-0.7,,10.6,,-15.6,,82,,26.7,,108.7,,,,,,,
1936-03,1936,3,9.7,,2.3,,6,,13.3,,-3.9,,80.3,,7.6,,87.9,,,,,,,
1936-04,1936,4,15.6,,5.9,,10.8,,20.6,S,-2.8,,71.9,,0,T,71.9,,,,,,,
1936-05,1936,5,19.8,,9.4,,14.6,,27.2,S,5,,79.5,,0,,79.5,,,,,,,
1936-06,1936,6,22.6,,11.9,,17.3,,28.3,,8.9,S,53.3,,0,,53.3,,,,,,,
1936-07,1936,7,23.9,,12.5,,18.2,,27.2,S,8.9,,37.1,,0,,37.1,,,,,,,
1936-08,1936,8,24.8,,12.5,,18.7,,32.2,,8.9,,15.5,,0,,15.5,,,,,,,
1936-09,1936,9,18.6,,9.7,,14.2,,23.9,,6.1,,86.9,,0,,86.9,,,,,,,
1936-10,1936,10,15.4,,8.1,,11.8,,23.9,,2.8,,54.6,,0,,54.6,,,,,,,
1936-11,1936,11,10,,2.2,,6.1,,17.2,,-3.3,,28.4,,0,,28.4,,,,,,,
1936-12,1936,12,8.1,,2.9,,5.5,,12.2,,-4.4,,170.2,,3.8,,174,,,,,,,
1937-01,1937,1,1.2,,-5.6,,-2.2,,7.2,,-13.3,,14.2,,50.8,,65,,,,,,,
1937-02,1937,2,6.6,,0.3,,3.5,,13.9,,-6.1,,86.1,,55.9,,142,,,,,,,
1937-03,1937,3,13.4,,4.8,,9.1,,18.9,,0.6,S,61.2,,0,,61.2,,,,,,,
1937-04,1937,4,13.3,,6.1,,9.7,,17.2,,2.2,,117.1,,0,,117.1,,,,,,,
1937-05,1937,5,18.1,,7.4,,12.8,,22.8,,3.3,,43.7,,0,,43.7,,,,,,,
1937-06,1937,6,21.4,,10.7,,16.1,,27.2,,6.1,,105.7,,0,,105.7,,,,,,,
1937-07,1937,7,23.7,,11.8,,17.8,,27.2,,8.3,S,2.8,,0,,2.8,,,,,,,
1937-08,1937,8,21.6,,11.4,,16.5,,25,S,6.7,,56.4,,0,,56.4,,,,,,,
1937-09,1937,9,20.3,,10.2,,15.3,,31.7,,3.9,,44.2,,0,,44.2,,,,,,,
1937-10,1937,10,16.2,,7.7,,12,,21.7,,3.3,,127.3,,0,,127.3,,,,,,,
1937-11,1937,11,10.2,,4.7,,7.5,,16.7,,-2.8,,161.5,,25.4,,186.9,,,,,,,
1937-12,1937,12,7.8,,2.8,,5.3,,12.2,,-4.4,S,173.5,,29.2,,202.7,,,,,,,
1938-01,1938,1,6.9,,1.9,,4.4,,10,S,-5,,80,,7.6,,87.6,,,,,,,
1938-02,1938,2,8.7,,1.7,,5.2,,16.1,,-3.9,,80.3,,0,,80.3,,,,,,,
1938-03,1938,3,11.3,,3.6,,7.5,,15,S,-1.1,,77.2,,0,,77.2,,,,,,,
1938-04,1938,4,15.4,,5.8,,10.6,,21.1,,-1.7,,64,,0,,64,,,,,,,
1938-05,1938,5,19.1,,6.8,,13,,26.1,S,2.2,,43.7,,0,,43.7,,,,,,,
1938-06,1938,6,22.3,,9.9,,16.1,,27.2,S,5.6,S,15.2,,0,,15.2,,,,,,,
1938-07,1938,7,24.2,,11.3,,17.8,,31.7,,7.8,,21.1,,0,,21.1,,,,,,,
1938-08,1938,8,22.4,,10.1,,16.3,,27.2,,7.2,,13.2,,0,,13.2,,,,,,,
1938-09,1938,9,20.7,,10.4,,15.6,,25,,7.2,,38.1,,0,,38.1,,,,,,,
1938-10,1938,10,15.5,,6.4,,11,,19.4,S,0.6,S,88.1,,0,,88.1,,,,,,,
1938-11,1938,11,9.1,,1.9,,5.5,,13.9,,-2.8,,87.1,,0,,87.1,,,,,,,
1938-12,1938,12,7.3,,0.9,,4.1,,12.2,,-8.3,,191,,7.6,,198.6,,,,,,,
1939-01,1939,1,8.2,,3.4,,5.8,,12.2,,-0.6,,208.3,,0,,208.3,,,,,,,
1939-02,1939,2,6.4,,-0.8,,2.8,,9.4,S,-7.8,S,86.9,,19.1,,105.9,,,,,,,
1939-03,1939,3,10.8,,2.7,,6.8,,18.3,,-3.9,,59.2,,0,T,59.2,,,,,,,
1939-04,1939,4,15.9,,4.7,,10.3,,25.6,,0,,39.1,,0,,39.1,,,,,,,
1939-05,1939,5,19.2,,6.9,,13.1,,26.1,,2.2,S,60.7,,0,,60.7,,,,,,,
1939-06,1939,6,19.3,,9.6,,14.5,,23.9,,3.9,,62.7,,0,,62.7,,,,,,,
1939-07,1939,7,22.7,,11.1,,16.9,,27.8,,7.8,S,60.5,,0,,60.5,,,,,,,
1939-08,1939,8,24.3,,11.2,,17.8,,32.8,,8.9,S,16,,0,,16,,,,,,,
1939-09,1939,9,19.3,,9.2,,14.3,,24.4,,5,S,34.5,,0,,34.5,,,,,,,
1939-10,1939,10,13.7,,6.2,,10,,18.3,,-1.7,,131.1,,0,,131.1,,,,,,,
1939-11,1939,11,12.8,,6.3,,9.6,,17.2,,1.7,,155.4,,0,,155.4,,,,,,,
1939-12,1939,12,10.2,,4.8,,7.5,,14.4,S,-3.3,,166.6,,0,T,166.6,,,,,,,
1940-01,1940,1,8.4,,2.2,,5.3,,16.1,,-5,,91.9,,3.8,,95.8,,,,,,,
1940-02,1940,2,9.7,,3.3,,6.5,,12.8,,-1.1,S,159.8,,1.3,,161,,,,,,,
1940-03,1940,3,12.8,,4.6,,8.7,,17.2,,0.6,S,111.8,,0,,111.8,,,,,,,
1940-04,1940,4,16.9,,6.5,,11.7,,22.8,,2.8,S,42.9,,0,,42.9,,,,,,,
1940-05,1940,5,20.8,,8.4,,14.6,,26.7,,3.3,,100.1,,0,,100.1,,,,,,,
1940-06,1940,6,22.9,,9.8,,16.4,,26.1,,7.2,S,6.9,,0,,6.9,,,,,,,
1940-07,1940,7,23.4,,11.8,,17.6,,28.3,,7.8,S,8.4,,0,,8.4,,,,,,,
1940-08,1940,8,24,,12.3,,18.2,,31.1,,8.9,,16.8,,0,,16.8,,,,,,,
1940-09,1940,9,21.8,,11.4,,16.6,,27.8,,5,,34.3,,0,,34.3,,,,,,,
1940-10,1940,10,15.9,,8.7,,12.3,,23.3,,1.1,,150.9,,0,,150.9,,,,,,,
1940-11,1940,11,8.2,,1.6,,4.9,,12.2,S,-5,S,79.5,,0,,79.5,,,,,,,
1940-12,1940,12,8.6,,2.9,,5.8,,13.9,,-6.1,,194.8,,0,,194.8,,,,,,,
1941-01,1941,1,9.1,,2.8,,6,,13.3,,-1.7,,97.3,,0,,97.3,,,,,,,
1941-02,1941,2,10.9,,2.8,,6.9,,15.6,S,-1.7,,117.6,,0,,117.6,,,,,,,
1941-03,1941,3,15.1,,4.6,,9.9,,20.6,S,0.6,S,65.8,,0,,65.8,,,,,,,
1941-04,1941,4,17.2,,6.2,,11.7,,22.8,S,0.6,,42.9,,0,,42.9,,,,,,,
1941-05,1941,5,18.5,,8.1,,13.3,,26.7,,3.9,,74.9,,0,,74.9,,,,,,,
1941-06,1941,6,21.5,,10.6,,16.1,,27.2,,6.1,,40.9,,0,,40.9,,,,,,,
1941-07,1941,7,25.2,,13.1,,19.2,,31.1,S,9.4,S,14.7,,0,,14.7,,,,,,,
1941-08,1941,8,22.6,,11.9,,17.3,,28.3,S,9.4,,67.3,,0,,67.3,,,,,,,
1941-09,1941,9,18.4,,9.6,,14,,22.2,,5,,151.1,,0,,151.1,,,,,,,
1941-10,1941,10,15.1,,7.6,,11.4,,18.9,S,2.2,,109.2,,0,,109.2,,,,,,,
1941-11,1941,11,11.6,,4,,7.8,,16.1,,-1.1,,123.4,,0,,123.4,,,,,,,
1941-12,1941,12,7.8,,1.6,,4.7,,13.9,,-7.2,,113.5,,0,,113.5,,,,,,,
1942-01,1942,1,7.5,,0.2,,3.9,,12.8,S,-8.3,S,50,,5.1,,55.1,,,,,,,
1942-02,1942,2,9.2,,1.3,,5.3,,13.3,,-3.9,,52.3,,0,,52.3,,,,,,,
1942-03,1942,3,11.2,,2.8,,7,,17.2,,-0.6,,61.5,,0,,61.5,,,,,,,
1942-04,1942,4,16,,5.8,,10.9,,20.6,,1.7,,64.3,,0,,64.3,,,,,,,
1942-05,1942,5,18.6,,8,,13.3,,24.4,,2.8,S,68.1,,0,,68.1,,,,,,,
1942-06,1942,6,20.9,,10.1,,15.5,,31.7,,6.7,,116.8,,0,,116.8,,,,,,,
1942-07,1942,7,24.4,,13.2,,18.8,,32.2,,9.4,,42.9,,0,,42.9,,,,,,,
1942-08,1942,8,24.7,,13.1,,18.9,,32.2,,8.3,,6.6,,0,,6.6,,,,,,,
1942-09,1942,9,19.4,,8.8,,14.1,,22.8,S,4.4,,7.1,,0,,7.1,,,,,,,
1942-10,1942,10,15.2,,6.7,,11,,22.2,,2.2,S,78,,0,,78,,,,,,,
1942-11,1942,11,9.2,,2.7,,6,,13.9,,-2.2,,134.4,,0,,134.4,,,,,,,
1942-12,1942,12,7.4,,2.6,,5,,13.3,,-2.8,S,147.8,,14.7,,162.6,,,,,,,
1943-01,1943,1,3.1,,-3.8,,-0.4,,10,,-16.7,,30.5,,15.2,,45.7,,,,,,,
1943-02,1943,2,10.4,,0.8,,5.6,,16.7,,-1.7,S,113.5,,2.5,,116.1,,,,,,,
1943-03,1943,3,10.8,,1.2,,6,,16.7,,-3.9,,56.1,,0,,56.1,,,,,,,
1943-04,1943,4,15.7,,5.5,,10.6,,20.6,S,0.6,S,96.3,,0,,96.3,,,,,,,
1943-05,1943,5,16.9,,6.4,,11.7,,20,S,2.2,,60.2,,0,,60.2,,,,,,,
1943-06,1943,6,20.3,,8.8,,14.6,,25,S,5,,28.4,,0,,28.4,,,,,,,
1943-07,1943,7,21.9,,11.3,,16.6,,24.4,S,8.3,,45,,0,,45,,,,,,,
1943-08,1943,8,21.8,,11.3,,16.6,,27.8,,8.3,,48.8,,0,,48.8,,,,,,,
1943-09,1943,9,21.1,,9.7,,15.4,,29.4,,6.1,S,46,,0,,46,,,,,,,
1943-10,1943,10,15.9,,6.8,,11.4,,23.9,,0,,139.4,,0,,139.4,,,,,,,
1943-11,1943,11,11.1,,3.4,,7.3,,15,S,-0.6,,53.8,,0,,53.8,,,,,,,
1943-12,1943,12,7.3,,0.1,,3.7,,11.7,,-5.6,,108,,0,,108,,,,,,,
1944-01,1944,1,8,,1.6,,4.8,,13.3,,-3.3,,124.5,,0,,124.5,,,,,,,
1944-02,1944,2,8.9,,1.2,,5.1,,12.2,,-2.8,S,88.6,,0,T,88.6,,,,,,,
1944-03,1944,3,10.6,,1.7,,6.2,,15,,-3.3,,42.9,,0,,42.9,,,,,,,
1944-04,1944,4,15.2,,4.8,,10,,22.2,S,-1.1,,86.9,,0,,86.9,,,,,,,
1944-05,1944,5,18.1,,6.7,,12.4,,23.9,,1.7,,37.6,,0,,37.6,,,,,,,
1944-06,1944,6,20.9,,9.1,,15,,30,,5,S,39.6,,0,,39.6,,,,,,,
1944-07,1944,7,23.1,,11.5,,17.3,,31.1,,7.8,,17,,0,,17,,,,,,,
1944-08,1944,8,21.7,,11.6,,16.7,,32.2,,7.2,S,17.3,,0,,17.3,,,,,,,
1944-09,1944,9,20,,10.3,,15.2,,31.1,,3.9,,58.9,,0,,58.9,,,,,,,
1944-10,1944,10,16.1,,7.7,,11.9,,20.6,,3.3,,137.4,,0,,137.4,,,,,,,
1944-11,1944,11,11,,4.7,,7.9,,14.4,,-1.1,S,129.5,,0,,129.5,,,,,,,
1944-12,1944,12,6.7,,-0.3,,3.2,,13.3,,-7.2,S,74.9,,0,,74.9,,,,,,,
1945-01,1945,1,8.5,,1.9,,5.2,,13.9,,-4.4,,166.9,,0,,166.9,,,,,,,
1945-02,1945,2,8.9,,1.9,,5.4,,13.3,,-2.8,,94.7,,0,,94.7,,,,,,,
1945-03,1945,3,10.2,,2.6,,6.4,,13.9,S,-2.8,,86.9,,0,T,86.9,,,,,,,
1945-04,1945,4,12.3,,3.6,,8,,16.7,,-1.1,S,77,,0,,77,,,,,,,
1945-05,1945,5,18.4,,8.2,,13.3,,22.2,,3.9,,69.6,,0,,69.6,,,,,,,
1945-06,1945,6,20.1,,9.4,,14.8,,23.9,,1.7,,27.4,,0,,27.4,,,,,,,
1945-07,1945,7,22.6,,11.1,,16.9,,26.1,,7.2,,14.5,,0,,14.5,,,,,,,
1945-08,1945,8,22.2,,11.3,,16.8,,28.3,,7.2,,22.1,,0,,22.1,,,,,,,
1945-09,1945,9,18,,8.3,,13.2,,25,,2.8,,82.8,,0,,82.8,,,,,,,
1945-10,1945,10,14.2,,6.1,,10.2,,21.7,,0.6,,159.5,,0,,159.5,,,,,,,
1945-11,1945,11,8.2,,2.6,,5.4,,16.1,,-7.8,,177.8,,11.4,,189.2,,,,,,,
1945-12,1945,12,7,,0.6,,3.8,,11.7,,-7.8,,89.9,,0,,89.9,,,,,,,
1946-01,1946,1,7.6,,2,,4.8,,10.6,,-3.3,,160,,5.1,,165.1,,,,,,,
1946-02,1946,2,8.7,,2.3,,5.5,,14.4,,-2.8,,139.4,,0,,139.4,,,,,,,
1946-03,1946,3,10.7,,2.7,,6.7,,15.6,,-1.7,S,131.3,,0,,131.3,,,,,,,
1946-04,1946,4,12.7,,4.8,,8.8,,17.8,,2.2,S,90.9,,0,,90.9,,,,,,,
1946-05,1946,5,20.3,,7,,13.7,,25.6,S,3.3,S,13,,0,,13,,,,,,,
1946-06,1946,6,19.4,,10.3,,14.9,,23.9,,8.3,S,69.6,,0,,69.6,,,,,,,
1946-07,1946,7,22.1,,11.6,,16.9,,27.8,,8.9,,29,,0,,29,,,,,,,
1946-08,1946,8,22.1,,11.2,,16.7,,28.3,,8.9,S,12.7,,0,,12.7,,,,,,,
1946-09,1946,9,19.1,,9.2,,14.2,,27.2,,4.4,,18,,0,,18,,,,,,,
1946-10,1946,10,12.8,,4.7,,8.8,,18.3,,-1.1,S,90.2,,0,,90.2,,,,,,,
1946-11,1946,11,8.2,,0.6,,4.4,,16.1,,-5.6,,106.9,,5.1,,112,,,,,,,
1946-12,1946,12,6.6,,0.9,,3.8,,13.3,,-7.2,,101.3,,6.4,,107.7,,,,,,,
1947-01,1947,1,4.4,,-1.6,,1.4,,10,,-13.3,,137.7,,21.6,,159.3,,,,,,,
1947-02,1947,2,9.4,,1.9,,5.7,,14.4,,-8.3,,118.6,,0,,118.6,,,,,,,
1947-03,1947,3,11.8,,2.8,,7.3,,16.1,S,-2.2,S,119.6,,0,,119.6,,,,,,,
1947-04,1947,4,15.2,,5.7,,10.5,,25.6,,0,S,86.1,,0,,86.1,,,,,,,
1947-05,1947,5,19,,8.3,,13.7,,28.3,,2.8,,37.8,,0,,37.8,,,,,,,
1947-06,1947,6,20.4,,11,,15.7,,25,,4.4,,54.1,,0,,54.1,,,,,,,
1947-07,1947,7,22.1,,11.2,,16.7,,27.2,,8.9,S,23.9,,0,,23.9,,,,,,,
1947-08,1947,8,21.1,,10.8,,16,,24.4,S,6.1,,9.7,,0,,9.7,,,,,,,
1947-09,1947,9,18.9,,9.2,,14.1,,22.8,S,2.2,,40.6,,0,,40.6,,,,,,,
1947-10,1947,10,14.1,,7.1,,10.6,,18.3,S,-0.6,,147.1,,0,,147.1,,,,,,,
1947-11,1947,11,8.4,,2.1,,5.3,,12.2,,-2.8,,100.6,,0,,100.6,,,,,,,
1947-12,1947,12,7.8,,2.1,,5,,12.2,,-3.9,,208.8,,0,,208.8,,,,,,,
1948-01,1948,1,6.7,,1.1,,3.9,,9.4,,-4.4,,83.1,,0,,83.1,,,,,,,
1948-02,1948,2,6.5,,-0.1,,3.2,,10,,-7.2,,172.7,,1.3,,174,,,,,,,
1948-03,1948,3,10.6,,1.9,,6.3,,15.6,,-2.2,,46.5,,0,,46.5,,,,,,,
1948-04,1948,4,12.7,,4.1,,8.4,,17.2,S,-1.1,,51.3,,0,,51.3,,,,,,,
1948-05,1948,5,16.3,,7.8,,12.1,,22.8,,1.7,,134.4,,0,,134.4,,,,,,,
1948-06,1948,6,20.9,,11.7,,16.3,,26.7,,8.9,,46,,0,,46,,,,,,,
1948-07,1948,7,21.2,,12.1,,16.7,,25,,8.3,,38.9,,0,,38.9,,,,,,,
1948-08,1948,8,20,,12,,16,,23.9,,9.4,S,118.1,,0,,118.1,,,,,,,
1948-09,1948,9,18.6,,8.8,,13.7,,24.4,,2.2,,50,,0,,50,,,,,,,
1948-10,1948,10,14.5,,5.3,,9.9,,22.8,,0.6,S,84.6,,0,,84.6,,,,,,,
1948-11,1948,11,8.8,,2.4,,5.6,,13.3,,-2.8,,216.2,,0,,216.2,,,,,,,
1948-12,1948,12,4.7,,-1.5,,1.6,,8.3,S,-11.1,,130.3,,19.8,,150.1,,,,,,,
1949-01,1949,1,2.8,,-4.4,,-0.8,,7.8,,-9.4,S,14,,10.2,,24.1,,,,,,,
1949-02,1949,2,6.1,,-2.1,,2,,13.3,S,-9.4,,106.7,,47,,154.4,,,,,,,
1949-03,1949,3,10.6,,2.4,,6.5,,16.1,,-1.7,,88.4,,0,,88.4,,,,,,,
1949-04,1949,4,14,,4.6,,9.3,,18.9,S,1.1,,47.5,,0,,47.5,,,,,,,
1949-05,1949,5,18.8,,7.5,,13.2,,23.9,,2.2,S,23.9,,0,,23.9,,,,,,,
1949-06,1949,6,19.5,,9.2,,14.4,,24.4,,6.7,S,46.7,,0,,46.7,,,,,,,
1949-07,1949,7,20.9,,10.7,,15.8,,25.6,S,6.1,,36.1,,0,,36.1,,,,,,,
1949-08,1949,8,20.8,,11.5,,16.2,,26.7,S,8.3,,29.7,,0,,29.7,,,,,,,
1949-09,1949,9,20.4,,9.6,,15,,30,,3.9,,40.9,,0,,40.9,,,,,,,
1949-10,1949,10,12.8,,4.4,,8.6,,16.7,,-2.8,,99.6,,0,,99.6,,,,,,,
1949-11,1949,11,12.4,,6.1,,9.3,,17.8,,1.1,,147.1,,0,,147.1,,,,,,,
1949-12,1949,12,5.8,,-0.1,,2.9,,11.1,,-7.8,,210.1,,10.2,,220.2,,,,,,,
1950-01,1950,1,-2.6,,-9.7,,-6.2,,7.8,S,-17.2,,35.6,,92.7,,128.3,,,,,,,
1950-02,1950,2,7.3,,0.8,,4.1,,11.1,S,-15.6,,180.6,,5.1,,185.7,,,,,,,
1950-03,1950,3,9.1,,2.3,,5.7,,13.3,,-2.8,,191.5,,0,,191.5,,,,,,,
1950-04,1950,4,12.8,,3.8,,8.3,,18.3,S,0.6,S,94.7,,0,,94.7,,,,,,,
1950-05,1950,5,15.9,,6.1,,11,,21.7,,2.2,,41.7,,0,,41.7,,,,,,,
1950-06,1950,6,20.4,,10.3,,15.4,,25,,5,,24.9,,0,,24.9,,,,,,,
1950-07,1950,7,22.1,,11.3,,16.7,,26.1,,9.4,S,40.4,,0,,40.4,,,,,,,
1950-08,1950,8,21.1,,10.8,,16,,26.1,,6.7,,63.2,,0,,63.2,,,,,,,
1950-09,1950,9,18.3,,8.2,,13.3,,25,,0.6,,17.8,,0,,17.8,,,,,,,
1950-10,1950,10,12.3,,6.3,,9.3,,18.3,,1.1,,156.2,,0,,156.2,,,,,,,
1950-11,1950,11,8.9,,2.6,,5.8,,15,S,-2.8,,99.1,,6.4,,105.4,,,,,,,
1950-12,1950,12,9,,3.2,,6.1,,12.2,S,-2.2,,200.4,,0,,200.4,,,,,,,
1951-01,1951,1,5,,-0.3,,2.4,,9.4,,-11.1,,225.3,,3.8,,229.1,,,,,,,
1951-02,1951,2,6.7,,-0.2,,3.3,,10,,-6.1,,174,,11.4,,185.4,,,,,,,
1951-03,1951,3,6.3,,-0.7,,2.8,,13.3,,-9.4,,89.9,,76.2,,166.1,,,,,,,
1951-04,1951,4,14.9,,2.5,,8.7,,20.6,S,-3.3,,30.5,,0,,30.5,,,,,,,
1951-05,1951,5,15.8,,7,,11.4,,21.1,S,-0.6,,66.3,,0,,66.3,,,,,,,
1951-06,1951,6,19.5,,9.8,,14.7,,27.8,S,6.1,,8.1,,0,,8.1,,,,,,,
1951-07,1951,7,20.9,,10.8,,15.9,,31.7,,6.7,,0,,0,,0,,,,,,,
1951-08,1951,8,20.4,,10.1,,15.3,,28.3,,5.6,,19.6,,0,,19.6,,,,,,,
1951-09,1951,9,18.8,,8.2,,13.5,,31.1,,3.9,,61.2,,0,,61.2,,,,,,,
1951-10,1951,10,13.4,,6.1,,9.8,,22.2,,0,S,111.3,,0,,111.3,,,,,,,
1951-11,1951,11,9.5,,2.7,,6.1,,13.3,,-3.3,,105.9,,0,,105.9,,,,,,,
1951-12,1951,12,9.8,E,4,E,6.9,E,,M,,M,90.7,,30.5,,121.2,,,,,,,
1952-01,1952,1,3.8,,-0.8,,1.5,,12.8,,-10.6,,77.2,,26.2,,103.4,,,,,,,
1952-02,1952,2,7.6,,0.9,,4.3,,11.7,,-3.9,S,78.7,,0,,78.7,,,,,,,
1952-03,1952,3,8.4,,1.8,,5.1,,13.9,,-2.8,S,68.6,,0,,68.6,,,,,,,
1952-04,1952,4,12.8,,3.6,,8.2,,18.3,,-2.8,,48.5,,0,,48.5,,,,,,,
1952-05,1952,5,15.7,,6.6,,11.2,,21.7,S,0.6,,34,,0,,34,,,,,,,
1952-06,1952,6,16.2,,8.4,,12.3,,21.1,,3.9,,68.6,,0,,68.6,,,,,,,
1952-07,1952,7,20.3,,10.9,,15.6,,27.2,S,6.1,,18.5,,0,,18.5,,,,,,,
1952-08,1952,8,20.8,,10.8,,15.8,,29.4,,6.7,S,14.5,,0,,14.5,,,,,,,
1952-09,1952,9,19.3,,8.9,,14.1,,26.7,S,4.4,,28.4,,0,,28.4,,,,,,,
1952-10,1952,10,15.7,,6.3,,11,,21.7,S,1.7,S,53.8,,0,,53.8,,,,,,,
1952-11,1952,11,9.3,,1.1,,5.2,,14.4,S,-5.6,S,19.6,,0,,19.6,,,,,,,
1952-12,1952,12,8.7,,2.4,,5.6,,13.9,,-1.7,,120.1,,0,,120.1,,,,,,,
1953-01,1953,1,8.1,,2.9,,5.5,,11.1,S,-5.6,,296.4,,7.6,,304,,,,,,,
1953-02,1953,2,7.8,,1.3,,4.6,,11.1,,-2.8,S,58.2,,0,,58.2,,,,,,,
1953-03,1953,3,9.3,,2.7,,6,,13.9,S,-3.9,,61.7,,0,,61.7,,,,,,,
1953-04,1953,4,12.8,,4.2,,8.5,,17.2,S,-1.1,S,58.4,,0,,58.4,,,,,,,
1953-05,1953,5,16.2,,7.9,,12.1,,26.7,,2.2,S,31.2,,0,,31.2,,,,,,,
1953-06,1953,6,16.3,,8.8,,12.6,,21.1,,5,,67.8,,0,,67.8,,,,,,,
1953-07,1953,7,20.6,,11.1,,15.9,,27.8,,7.8,S,22.9,,0,,22.9,,,,,,,
1953-08,1953,8,20.8,,11.4,,16.1,,25.6,S,7.8,S,19.6,,0,,19.6,,,,,,,
1953-09,1953,9,18.4,,9.1,,13.8,,25,,5,S,71.6,,0,,71.6,,,,,,,
1953-10,1953,10,14.7,,6.8,,10.8,,20.6,,2.8,,74.7,,0,,74.7,,,,,,,
1953-11,1953,11,11.3,,5.2,,8.3,,15,S,-1.1,,217.9,,0,,217.9,,,,,,,
1953-12,1953,12,7.8,,2.6,,5.2,,10,,-0.6,S,206.2,,1.3,,207.5,,,,,,,
1954-01,1954,1,2.8,,-2.7,,0.1,,8.9,,-11.7,,103.4,,61.2,,164.6,,,,,,,
1954-02,1954,2,8.2,,2,,5.1,,13.3,,-3.9,,101.6,,0,T,101.6,,,,,,,
1954-03,1954,3,9.3,,-0.5,,4.4,,16.1,,-4.4,,33.3,,2.5,,35.8,,,,,,,
1954-04,1954,4,10.4,,3.4,,6.9,,16.1,,-1.1,S,69.6,,0,,69.6,,,,,,,
1954-05,1954,5,16.1,,6.7,,11.4,,22.2,,-1.7,,49.8,,0,,49.8,,,,,,,
1954-06,1954,6,16,,8.7,,12.4,,22.2,S,4.4,,67.6,,0,,67.6,,,,,,,
1954-07,1954,7,17.8,,9.8,,13.8,,22.2,,6.1,,21.6,,0,,21.6,,,,,,,
1954-08,1954,8,17.4,,11.1,,14.3,,20.6,S,7.8,S,62.7,,0,,62.7,,,,,,,
1954-09,1954,9,17.1,,9.8,,13.5,,22.8,,2.8,,62.7,,0,,62.7,,,,,,,
1954-10,1954,10,13.2,,5.7,,9.5,,18.9,,-1.7,,42.4,,0,,42.4,,,,,,,
1954-11,1954,11,11.4,,5.9,,8.7,,17.8,,-2.2,S,287,,0,,287,,,,,,,
1954-12,1954,12,7.4,,1.9,,4.7,,11.7,,-4.4,,106.4,,0,,106.4,,,,,,,
1955-01,1955,1,5.7,,1,,3.4,,9.4,,-3.3,,92.5,,0,T,92.5,,,M,,,,
1955-02,1955,2,5.3,,-0.6,,2.4,,8.9,,-8.9,,83.6,,6.1,,89.7,,,M,,,,
1955-03,1955,3,5.7,,-0.3,,2.7,,11.1,S,-11.7,,72.4,,1.8,,74.2,,,M,,,,
1955-04,1955,4,10.6,,2.6,,6.6,,17.8,,-1.1,S,87.4,,0,T,87.4,,,M,,,,
1955-05,1955,5,13.1,,5.4,,9.3,,17.2,,1.1,,53.8,,0,,53.8,,,M,,,,
1955-06,1955,6,17.1,,8.8,,13,,32.2,,3.9,,62.2,,0,,62.2,,,M,,,,
1955-07,1955,7,17.3,,10.4,,13.9,,22.2,,6.7,,50.8,,0,,50.8,,,M,,,,
1955-08,1955,8,18.9,,10.1,,14.5,,28.3,,6.7,S,3.3,,0,,3.3,,,M,,,,
1955-09,1955,9,16.9,,8.6,,12.8,,27.8,,3.9,S,38.4,,0,,38.4,,,M,,,,
1955-10,1955,10,12.1,,6.2,,9.2,,18.3,,1.7,,144.3,,0,,144.3,,,M,,,,
1955-11,1955,11,5.1,,-0.9,,2.1,,12.2,S,-13.9,S,258.8,,14,,272.8,,0,,,,,
1955-12,1955,12,4.6,,-0.9,,1.9,,10,,-7.2,,147.3,,15.2,,162.6,,,M,,,,
1956-01,1956,1,5.2,,0.2,,2.7,,10,,-10.6,,126.2,,7.1,,133.4,,,M,,,,
1956-02,1956,2,3.7,,-1.7,,1,,7.2,S,-15.6,,68.6,,27.9,,96.5,,,M,,,,
1956-03,1956,3,7.5,,1.1,,4.3,,13.9,,-4.4,S,86.6,,4.3,,90.9,,,M,,,,
1956-04,1956,4,13.7,,3.7,,8.7,,21.1,,0,S,13,,0,,13,,,M,,,,
1956-05,1956,5,17.9,,6.8,,12.4,,28.3,,0.6,,25.7,,0,,25.7,,0,,,,,
1956-06,1956,6,15.7,,9.8,,12.8,,22.8,,5,,120.7,,0,,120.7,,,M,,,,
1956-07,1956,7,20.8,,11.1,,16,,29.4,,6.7,,9.1,,0,,9.1,,0,,,,,
1956-08,1956,8,19.9,,10.8,,15.4,,27.2,,7.8,S,54.6,,0,,54.6,,0,,,,,
1956-09,1956,9,16.4,,8.4,,12.4,,27.2,,3.9,,114,,0,,114,,0,,,,,
1956-10,1956,10,11.7,,5.3,,8.5,,18.9,,-0.6,S,178.6,,0,,178.6,,0,,,,,
1956-11,1956,11,7.4,,1.2,,4.3,,11.7,,-3.9,,69.3,,0,,69.3,,,M,,,,
1956-12,1956,12,6.2,,0.8,,3.5,,11.1,,-10.6,,205,,2.5,,207.5,,,M,,,,
1957-01,1957,1,1.7,,-5.5,,-1.9,,6.7,,-13.3,,30.2,,25.1,,55.4,,,M,,,,
1957-02,1957,2,5.3,,-1.7,,1.8,,12.2,,-8.3,,53.6,,26.4,,80,,,M,,,,
1957-03,1957,3,9.2,,2.6,,5.9,,12.8,,-1.7,,129.5,,0,T,129.5,,,M,,,,
1957-04,1957,4,12.9,,4.4,,8.7,,21.1,,0.6,S,59.9,,0,,59.9,,,M,,,,
1957-05,1957,5,17.6,E,8.4,,13,E,,M,5,S,30.5,,0,,30.5,,0,,,,,
1957-06,1957,6,18.2,E,9.7,,14,E,,M,6.7,S,72.1,,0,,72.1,,0,,,,,
1957-07,1957,7,18.5,,10.1,,14.3,,21.1,S,5,,52.8,,0,,52.8,,0,,,,,
1957-08,1957,8,19.5,,9.9,,14.7,,22.8,,6.7,S,30.2,,0,,30.2,,0,,,,,
1957-09,1957,9,20.6,,9.6,,15.1,,26.1,,3.3,,26.4,,0,,26.4,,0,,,,,
1957-10,1957,10,14,,4.9,,9.5,,20,,0,,89.4,,0,,89.4,,,M,,,,
1957-11,1957,11,9.3,,2.2,,5.8,,12.2,S,-2.2,,101.3,,0,,101.3,,,M,,,,
1957-12,1957,12,8.3,,3.1,,5.7,,13.3,S,-3.3,,133.6,,0,T,133.6,,,M,,,,
1958-01,1958,1,8.6,,3.1,,5.9,,11.1,,-1.1,,209.8,,0,,209.8,,,,,,,
1958-02,1958,2,10,,4.9,,7.5,,15,,-0.6,,116.3,,0,,116.3,,,,,,,
1958-03,1958,3,10.9,,2.6,,6.8,,16.7,,-1.7,S,40.9,,0,,40.9,,,,,,,
1958-04,1958,4,13.3,,4.8,,9.1,,18.3,,0.6,,66.8,,0,,66.8,,,,,,,
1958-05,1958,5,18.7,,8.8,,13.8,,27.8,,3.3,,54.6,,0,,54.6,,,,,,,
1958-06,1958,6,20.5,,12.4,,16.5,,28.3,,8.9,,21.1,,0,,21.1,,,,,,,
1958-07,1958,7,24.2,,13.7,,19,,33.3,,8.9,,8.1,,0,,8.1,,,,,,,
1958-08,1958,8,23.1,E,11.9,,17.5,E,,M,8.9,,31.2,,0,,31.2,,,,,,,
1958-09,1958,9,18.3,,9.9,,14.1,,26.7,,2.8,,35.1,,0,,35.1,,,,,,,
1958-10,1958,10,14.4,,6.4,,10.4,,19.4,,1.7,,122.7,,0,,122.7,,,,,,,
1958-11,1958,11,8.5,,2.2,,5.4,,13.3,S,-5,,181.6,,1.5,,183.1,,,,,,,
1958-12,1958,12,7.4,,2.8,,5.1,,12.2,,-3.9,,132.3,,8.9,,141.2,,,,,,,
1959-01,1959,1,6,,0.6,,3.3,,10.6,S,-12.8,,165.1,,12.7,,177.8,,,M,,,,
1959-02,1959,2,6.6,,1.2,,3.9,,11.1,S,-3.3,S,123.7,,0.5,,124.2,,,M,,,,
1959-03,1959,3,9.2,,3.3,,6.3,,12.8,,-1.7,,128.3,,0,T,128.3,,,M,,,,
1959-04,1959,4,12.7,,4,,8.4,,20,,-1.1,,75.2,,0,,75.2,,,M,,,,
1959-05,1959,5,15.4,,6.8,,11.1,,27.8,,1.7,,85.1,,0,,85.1,,,M,,,,
1959-06,1959,6,17.6,,10.6,,14.1,,23.9,,6.7,,57.7,,0,,57.7,,,M,,,,
1959-07,1959,7,21.5,,11.6,,16.6,,29.4,,7.8,S,17.8,,0,,17.8,,,M,,,,
1959-08,1959,8,19.2,,10.6,,14.9,,23.3,,5.6,,25.9,,0,,25.9,,,M,,,,
1959-09,1959,9,16.7,,8.9,,12.8,,22.8,,1.7,,137.9,,0,,137.9,,,M,,,,
1959-10,1959,10,13.4,,6.2,,9.8,,16.1,S,1.1,,99.8,,0,,99.8,,,M,,,,
1959-11,1959,11,8.4,,1.4,,4.9,,13.9,,-7.2,,159.5,,1,,160.5,,0,,,,,
1959-12,1959,12,7.4,,1.3,,4.4,,11.1,,-2.8,S,110.5,,0,T,110.5,,,M,,,,
1960-01,1960,1,5.1,,0.1,,2.6,,13.3,,-5.6,,160.3,,7.4,,167.6,,,M,,,,
1960-02,1960,2,7.7,,1.3,,4.5,,11.7,,-5,,97.8,,0,,97.8,,,M,,,,
1960-03,1960,3,9.2,,1.9,,5.6,,15.6,,-5,,81,,17,,98,,0,,,,,
1960-04,1960,4,13.2,,5.6,,9.4,,22.8,,0.6,S,42.9,,0,,42.9,,,M,,,,
1960-05,1960,5,14.4,,7.4,,10.9,,23.3,,3.3,S,87.4,,0,,87.4,,,M,,,,
1960-06,1960,6,17.7,,9.6,,13.7,,21.1,S,5,,25.9,,0,,25.9,,,M,,,,
1960-07,1960,7,21.9,,11.6,,16.8,,29.4,,7.8,S,1,,0,,1,,,M,,,,
1960-08,1960,8,19.1,,11.4,,15.3,,33.3,S,6.1,,122.4,,0,,122.4,,,M,,,,
1960-09,1960,9,17.9,,8.6,,13.3,,25,,4.4,,31.2,,0,,31.2,,,M,,,,
1960-10,1960,10,14.1,,7.7,,10.9,,21.1,,1.7,,135.6,,0,,135.6,,,M,,,,
1960-11,1960,11,9.2,,3.3,,6.3,,13.3,,0,S,117.9,,0,,117.9,,,M,,,,
1960-12,1960,12,7.1,,0.8,,4,,13.3,,-3.9,,119.1,,0,,119.1,,,M,,,,
1961-01,1961,1,8.3,,1.7,,5,,12.2,,-3.9,,180.8,,0,T,180.8,,,M,,,,
1961-02,1961,2,8.2,,3.8,,6,,11.7,S,-0.6,S,238,,0,,238,,0,,,,,
1961-03,1961,3,10.6,,3.6,,7.1,,15.6,,-1.7,,126.7,,1.3,,128,,0,,,,,
1961-04,1961,4,12,,4.8,,8.4,,15.6,S,-1.1,,56.4,,0,,56.4,,0,,,,,
1961-05,1961,5,15.5,,8.1,,11.8,,25.6,,5,,69.9,,0,,69.9,,,M,,,,
1961-06,1961,6,20.2,,10.6,,15.4,,27.2,,7.2,,23.1,,0,,23.1,,,M,,,,
1961-07,1961,7,21.7,,12.5,,17.1,,32.8,,8.3,,31,,0,,31,,,M,,,,
1961-08,1961,8,22.6,,12.4,,17.5,,30,,9.4,S,43.7,,0,,43.7,,,M,,,,
1961-09,1961,9,17.8,,7.9,,12.9,,26.7,,2.2,,26.7,,0,,26.7,,,M,,,,
1961-10,1961,10,13,,4.9,,9,,22.8,,-1.7,,120.4,,0,,120.4,,,M,,,,
1961-11,1961,11,8.7,,1.8,,5.3,,13.9,,-3.3,,116.8,,0,,116.8,,0,,,,,
1961-12,1961,12,5.8,,1.3,,3.6,,10,,-4.4,S,159,,16.3,,175.3,,0,,,,,
1962-01,1962,1,5.9,,0.3,,3.1,,12.2,,-11.1,S,130,,13.2,,143.3,,0,,,,,
1962-02,1962,2,8.8,,2.3,,5.6,,14.4,,-6.7,,51.8,,0,T,51.8,,0,T,,,,
1962-03,1962,3,8.6,,0.6,,4.6,,15.6,,-3.9,,57.7,,22.9,,80.5,,0,,,,,
1962-04,1962,4,12.7,,5.4,,9.1,,21.1,,0.6,,85.6,,0,,85.6,,0,,,,,
1962-05,1962,5,13.7,,6.9,,10.3,,16.7,,0.6,,42.2,,0,,42.2,,0,,,,,
1962-06,1962,6,17.3,,9.3,,13.3,,22.2,,5.6,S,,M,0,,,M,0,,,,,
1962-07,1962,7,19.7,,11.1,,15.4,,25.6,S,6.1,,10.9,,0,,10.9,,0,,,,,
1962-08,1962,8,19.1,,11.8,,15.5,,23.3,S,8.9,S,101.1,,0,,101.1,,0,,,,,
1962-09,1962,9,19.2,,9.3,,14.3,,24.4,S,5.6,,56.1,,0,,56.1,,0,,,,,
1962-10,1962,10,14.4,,7.4,,10.9,,21.7,,2.2,,103.6,,0,,103.6,,0,,,,,
1962-11,1962,11,10.3,,5.1,,7.7,,13.9,S,0.6,,,M,0,,,M,0,,,,,
1962-12,1962,12,8.1,,2.9,,5.5,,12.8,S,-5.6,S,168.1,,0,,168.1,,0,,,,,
1963-01,1963,1,2.9,,-2.2,,0.4,,9.4,,-11.7,,25.7,,12.7,,38.4,,,M,,,,
1963-02,1963,2,10.9,,3.6,,7.3,,17.2,,-3.9,,135.4,,0,,135.4,,0,,,,,
1963-03,1963,3,9.9,,2.1,,6,,14.4,,-2.2,S,83.6,,0,,83.6,,0,,,,,
1963-04,1963,4,12.1,,5.2,,8.7,,17.2,,-1.7,,83.6,,0,,83.6,,0,,,,,
1963-05,1963,5,17.2,,6.5,,11.9,,30,,1.7,S,47,,0,,47,,0,,,,,
1963-06,1963,6,17.4,,10.4,,13.9,,25,,7.2,,34.5,,0,,34.5,,0,,,,,
1963-07,1963,7,18.8,,11.3,,15.1,,22.2,,8.3,S,54.4,,0,,54.4,,0,,,,,
1963-08,1963,8,20.7,,11.9,,16.3,,26.7,,9.4,,45.5,,0,,45.5,,0,,,,,
1963-09,1963,9,20.4,,11.2,,15.8,,27.8,,6.7,,34,,0,,34,,0,,,,,
1963-10,1963,10,15.1,,8.5,,11.8,,20.6,S,2.8,,124.7,,0,,124.7,,0,,,,,
1963-11,1963,11,9.2,,4.4,,6.8,,12.8,,-3.9,S,172,,0,T,172,,0,,,,,
1963-12,1963,12,7,,1.9,,4.5,,15,,-2.8,S,286.8,,0,,286.8,,0,,,,,
1964-01,1964,1,7.2,,2.6,,4.9,,10,,-2.8,,156.7,,3.6,,160.3,,0,,,,,
1964-02,1964,2,7.8,,1.1,,4.5,,11.7,,-2.2,S,63,,0,T,63,,0,,,,,
1964-03,1964,3,8.9,,2.7,,5.8,,20,,-1.1,,133.4,,0,,133.4,,0,,,,,
1964-04,1964,4,10.9,,3.4,,7.2,,14.4,,-0.6,S,46.5,,0,,46.5,,0,,,,,
1964-05,1964,5,14.8,,6.2,,10.5,,27.2,,0.6,,44.7,,0,,44.7,,0,,,,,
1964-06,1964,6,17.1,,10.2,,13.7,,23.3,,6.1,,77.5,,0,,77.5,,0,,,,,
1964-07,1964,7,19.1,,11.4,,15.3,,26.1,,7.8,,52.1,,0,,52.1,,0,,,,,
1964-08,1964,8,19.3,,11.8,,15.6,,26.1,S,7.8,,47.8,,0,,47.8,,0,,,,,
1964-09,1964,9,16.6,,8.9,,12.8,,23.3,,5,S,117.6,,0,,117.6,,0,,,,,
1964-10,1964,10,14.9,,6.4,,10.7,,21.1,,0,,47.8,,0,,47.8,,0,,,,,
1964-11,1964,11,7.9,,1.9,,4.9,,12.8,,-2.2,S,131.1,,15.2,,146.3,,,M,,,,
1964-12,1964,12,3.5,,-1.7,,0.9,,10.6,,-17.8,,46,,64.3,,110.2,,28,,,,,
1965-01,1965,1,5,,0.4,,2.7,,10,,-3.9,,94.5,,23.9,,118.4,,0,,,,,
1965-02,1965,2,6.8,,1.4,,4.1,,11.7,,-2.2,,106.7,,2,,108.7,,,M,,,,
1965-03,1965,3,10.8,,0.3,,5.6,,18.3,S,-3.9,,36.1,,1.8,,37.8,,0,,,,,
1965-04,1965,4,13,,5.2,,9.1,,20.6,,-0.6,,62.5,,0,,62.5,,0,,,,,
1965-05,1965,5,13.5,,6,,9.8,,17.2,,0,,51.3,,0,,51.3,,0,,,,,
1965-06,1965,6,18.2,,8.8,,13.5,,26.1,,5.6,S,14.5,,0,,14.5,,0,,,,,
1965-07,1965,7,21.4,,11.4,,16.4,,31.1,,6.7,,7.9,,0,,7.9,,0,,,,,
1965-08,1965,8,20.4,,12.4,,16.4,,30.6,,7.2,,,M,0,,50.8,E,0,,,,,
1965-09,1965,9,16.9,,8.2,,12.6,,22.2,,4.4,,26.4,,0,,26.4,,0,,,,,
1965-10,1965,10,15.1,,7.7,,11.4,,19.4,,3.3,,97.8,,0,,97.8,,0,,,,,
1965-11,1965,11,9.9,,4.9,,7.4,,15,,-0.6,,136.1,,0,,136.1,,0,,,,,
1965-12,1965,12,5.8,,1.3,,3.6,,12.2,,-5.6,,76.5,,46.5,,122.9,,23,,,,,
1966-01,1966,1,5.9,,0.7,,3.3,,11.1,S,-6.7,,105.4,,31.8,,137.2,,0,,,,,
1966-02,1966,2,8.4,,2,,5.2,,15.6,,-3.3,,51.3,,20.3,,71.6,,0,,,,,
1966-03,1966,3,10,,3,,6.5,,17.2,,-3.3,,82.6,,0,T,82.6,,0,,,,,
1966-04,1966,4,12.7,,3.7,,8.2,,18.9,,0,,38.9,,0,,38.9,,0,,,,,
1966-05,1966,5,15.7,,6.6,,11.2,,24.4,,2.2,,45.2,,0,,45.2,,0,,,,,
1966-06,1966,6,17,,9.8,,13.4,,25.6,,6.1,,49,,0,,49,,0,,,,,
1966-07,1966,7,18.3,,11.2,,14.8,,23.9,,8.3,,78.2,,0,,78.2,,0,,,,,
1966-08,1966,8,20.4,,11.1,,15.8,,27.2,,7.2,S,31.2,,0,,31.2,,0,,,,,
1966-09,1966,9,18.4,,10.8,,14.6,,23.3,,6.1,,76.7,,0,,76.7,,0,,,,,
1966-10,1966,10,13.3,,6.1,,9.7,,21.7,,0.6,,143.3,,0,,143.3,,0,,,,,
1966-11,1966,11,9.6,,4.3,,7,,13.9,,-1.1,,134.6,,0,,134.6,,0,,,,,
1966-12,1966,12,8.1,,3.8,,6,,11.7,,-1.1,S,246.6,,1.8,,248.4,,0,,,,,
1967-01,1967,1,6.9,,2.1,,4.5,,10.6,,-2.8,,227.1,,10.2,,237.2,,0,,,,,
1967-02,1967,2,8.2,,2.2,,5.2,,10.6,S,-1.7,S,84.6,,0,,84.6,,0,,,,,
1967-03,1967,3,8.7,,2.1,,5.4,,13.9,,-2.2,,93.7,,0,T,93.7,,0,,,,,
1967-04,1967,4,10.9,,3.1,,7,,13.3,S,0,S,60.7,,0,,60.7,,0,,,,,
1967-05,1967,5,15.1,,7.6,,11.4,,22.8,,4.4,S,44.2,,0,,44.2,,0,,,,,
1967-06,1967,6,19.9,,11.5,,15.7,,28.3,,7.2,,20.1,,0,,20.1,,0,,,,,
1967-07,1967,7,20.8,,12.1,,16.5,,26.1,,8.3,,15,,0,,15,,0,,,,,
1967-08,1967,8,23.3,,12.6,,18,,31.1,,8.3,,10.7,,0,,10.7,,0,,,,,
1967-09,1967,9,20.3,,10.8,,15.6,,28.9,S,6.7,S,63.2,,0,,63.2,,0,,,,,
1967-10,1967,10,13.6,,8.2,,10.9,,18.3,S,3.3,,296.2,,0,,296.2,,0,,,,,
1967-11,1967,11,9.7,,3.1,,6.4,,15,,-2.2,,122.4,,0,,122.4,,0,,,,,
1967-12,1967,12,5.9,,1.7,,3.8,,10,S,-7.2,,166.9,,12.7,,179.6,,0,,,,,
1968-01,1968,1,6.3,,1.3,,3.8,,13.9,,-7.2,,162.6,,3.8,,166.4,,0,T,,,,
1968-02,1968,2,11.2,,2,,6.6,,18.3,,-2.8,S,128.3,,0,,128.3,,0,,,,,
1968-03,1968,3,10.8,,4.7,,7.8,,17.8,,-0.6,S,160.8,,0,,160.8,,0,,,,,
1968-04,1968,4,11.6,,4.3,,8,,20.6,,-1.7,,49.3,,0,,49.3,,0,,,,,
1968-05,1968,5,16.3,,7.2,,11.8,,23.9,,2.8,,41.4,,0,,41.4,,0,,,,,
1968-06,1968,6,17.6,,10,,13.8,,22.8,,6.7,S,58.2,,0,,58.2,,0,,,,,
1968-07,1968,7,22.3,,10.3,,16.3,,29.4,S,3.3,S,29,,0,,29,,0,,,,,
1968-08,1968,8,19.8,,11.7,,15.8,,25.6,S,8.3,,96,,0,,96,,0,,,,,
1968-09,1968,9,16.9,,9.5,,13.2,,21.1,S,3.9,S,66.5,,0,,66.5,,0,,,,,
1968-10,1968,10,,M,,M,,M,,M,,M,,M,,M,,M,,M,,,,
1968-11,1968,11,9.9,,2.6,,6.3,,13.3,,-2.2,,154.4,E,0,,154.4,E,0,,,,,
1968-12,1968,12,4,,-3.6,,0.2,,10.6,,-20,,145.5,E,40.4,E,185.9,E,,M,,,,
1969-01,1969,1,-0.1,,-7,,-3.6,,8.3,,-17.2,S,87.6,,72.4,,160,,,M,,,,
1969-02,1969,2,7,,-1.9,,2.6,,10.6,,-10,,,M,,M,,M,0,,,,,
1969-03,1969,3,10.7,,-0.3,,5.2,,18.3,,-4.4,,115.6,E,0,,115.6,E,0,,,,,
1969-04,1969,4,11.8,,3.4,,7.6,,17.8,,-1.1,,129.3,E,0,,129.3,E,0,,,,,
1969-05,1969,5,17.1,,6,,11.6,,28.9,,1.7,S,29.2,,0,,29.2,,0,,,,,
1969-06,1969,6,19.6,,10.3,,15,,27.8,,4.4,,43.2,E,0,,43.2,E,0,,,,,
1969-07,1969,7,19.9,,9.1,,14.5,,25.6,,6.1,S,11.2,,0,,11.2,,0,,,,,
1969-08,1969,8,19,,8.1,,13.6,,22.8,,3.9,,34,E,0,,34,E,0,,,,,
1969-09,1969,9,17.6,,7.7,,12.7,,25,,3.9,,140.5,E,0,,140.5,E,0,,,,,
1969-10,1969,10,14.3,,5.3,,9.8,,18.3,,-1.1,,76.2,,0,,76.2,,0,,,,,
1969-11,1969,11,10.7,,3.7,,7.2,,16.7,,-2.2,,74.2,,0,,74.2,,0,,,,,
1969-12,1969,12,8.6,,3.1,,5.9,,13.9,,-1.1,S,121.4,,0,,121.4,,0,,,,,
1970-01,1970,1,6.5,,0.5,,3.5,,12.8,,-3.9,,113.8,,7.6,,121.4,,0,,,,,
1970-02,1970,2,11.1,,1.9,,6.5,,15,,-2.2,,58.4,,0,,58.4,,0,,,,,
1970-03,1970,3,11.1,,1.1,,6.1,,14.4,S,-3.3,,45.2,,0,,45.2,,0,,,,,
1970-04,1970,4,,M,,M,,M,,M,,M,,M,,M,,M,,M,,,,
1970-05,1970,5,,M,,M,,M,,M,,M,,M,,M,,M,,M,,,,
1970-06,1970,6,,M,,M,,M,,M,,M,,M,,M,,M,,M,,,,
1970-07,1970,7,,M,,M,,M,,M,,M,,M,,M,,M,,M,,,,
1970-08,1970,8,,M,,M,,M,,M,,M,,M,,M,,M,,M,,,,
1970-09,1970,9,,M,,M,,M,,M,,M,,M,,M,,M,,M,,,,
1970-10,1970,10,,M,,M,,M,,M,,M,,M,,M,,M,,M,,,,
1970-11,1970,11,,M,,M,,M,,M,,M,,M,,M,,M,,M,,,,
1970-12,1970,12,,M,,M,,M,,M,,M,,M,,M,,M,,M,,,,
1971-01,1971,1,,,,,,,,,,,,,,,,,,,,,,
1971-02,1971,2,,,,,,,,,,,,,,,,,,,,,,
1971-03,1971,3,,,,,,,,,,,,,,,,,,,,,,
1971-04,1971,4,,,,,,,,,,,,,,,,,,,,,,
1971-05,1971,5,,,,,,,,,,,,,,,,,,,,,,
1971-06,1971,6,,,,,,,,,,,,,,,,,,,,,,
1971-07,1971,7,,,,,,,,,,,,,,,,,,,,,,
1971-08,1971,8,,,,,,,,,,,,,,,,,,,,,,
1971-09,1971,9,,,,,,,,,,,,,,,,,,,,,,
1971-10,1971,10,,,,,,,,,,,,,,,,,,,,,,
1971-11,1971,11,,,,,,,,,,,,,,,,,,,,,,
1971-12,1971,12,,,,,,,,,,,,,,,,,,,,,,
1972-01,1972,1,,,,,,,,,,,,,,,,,,,,,,
1972-02,1972,2,,,,,,,,,,,,,,,,,,,,,,
1972-03,1972,3,,,,,,,,,,,,,,,,,,,,,,
1972-04,1972,4,,,,,,,,,,,,,,,,,,,,,,
1972-05,1972,5,,,,,,,,,,,,,,,,,,,,,,
1972-06,1972,6,,,,,,,,,,,,,,,,,,,,,,
1972-07,1972,7,,,,,,,,,,,,,,,,,,,,,,
1972-08,1972,8,,,,,,,,,,,,,,,,,,,,,,
1972-09,1972,9,,,,,,,,,,,,,,,,,,,,,,
1972-10,1972,10,,,,,,,,,,,,,,,,,,,,,,
1972-11,1972,11,,,,,,,,,,,,,,,,,,,,,,
1972-12,1972,12,,,,,,,,,,,,,,,,,,,,,,
1973-01,1973,1,,,,,,,,,,,,,,,,,,,,,,
1973-02,1973,2,,,,,,,,,,,,,,,,,,,,,,
1973-03,1973,3,,,,,,,,,,,,,,,,,,,,,,
1973-04,1973,4,,,,,,,,,,,,,,,,,,,,,,
1973-05,1973,5,,,,,,,,,,,,,,,,,,,,,,
1973-06,1973,6,,,,,,,,,,,,,,,,,,,,,,
1973-07,1973,7,,,,,,,,,,,,,,,,,,,,,,
1973-08,1973,8,,,,,,,,,,,,,,,,,,,,,,
1973-09,1973,9,,,,,,,,,,,,,,,,,,,,,,
1973-10,1973,10,,,,,,,,,,,,,,,,,,,,,,
1973-11,1973,11,,,,,,,,,,,,,,,,,,,,,,
1973-12,1973,12,,,,,,,,,,,,,,,,,,,,,,
1974-01,1974,1,,,,,,,,,,,,,,,,,,,,,,
1974-02,1974,2,,,,,,,,,,,,,,,,,,,,,,
1974-03,1974,3,,,,,,,,,,,,,,,,,,,,,,
1974-04,1974,4,,,,,,,,,,,,,,,,,,,,,,
1974-05,1974,5,,,,,,,,,,,,,,,,,,,,,,
1974-06,1974,6,,,,,,,,,,,,,,,,,,,,,,
1974-07,1974,7,,,,,,,,,,,,,,,,,,,,,,
1974-08,1974,8,,,,,,,,,,,,,,,,,,,,,,
1974-09,1974,9,,,,,,,,,,,,,,,,,,,,,,
1974-10,1974,10,,,,,,,,,,,,,,,,,,,,,,
1974-11,1974,11,,,,,,,,,,,,,,,,,,,,,,
1974-12,1974,12,,,,,,,,,,,,,,,,,,,,,,
1975-01,1975,1,,,,,,,,,,,,,,,,,,,,,,
1975-02,1975,2,,,,,,,,,,,,,,,,,,,,,,
1975-03,1975,3,,,,,,,,,,,,,,,,,,,,,,
1975-04,1975,4,,,,,,,,,,,,,,,,,,,,,,
1975-05,1975,5,,,,,,,,,,,,,,,,,,,,,,
1975-06,1975,6,,,,,,,,,,,,,,,,,,,,,,
1975-07,1975,7,,,,,,,,,,,,,,,,,,,,,,
1975-08,1975,8,,,,,,,,,,,,,,,,,,,,,,
1975-09,1975,9,,,,,,,,,,,,,,,,,,,,,,
1975-10,1975,10,,,,,,,,,,,,,,,,,,,,,,
1975-11,1975,11,,,,,,,,,,,,,,,,,,,,,,
1975-12,1975,12,,,,,,,,,,,,,,,,,,,,,,
1976-01,1976,1,,,,,,,,,,,,,,,,,,,,,,
1976-02,1976,2,,,,,,,,,,,,,,,,,,,,,,
1976-03,1976,3,,,,,,,,,,,,,,,,,,,,,,
1976-04,1976,4,,,,,,,,,,,,,,,,,,,,,,
1976-05,1976,5,,,,,,,,,,,,,,,,,,,,,,
1976-06,1976,6,,,,,,,,,,,,,,,,,,,,,,
1976-07,1976,7,,,,,,,,,,,,,,,,,,,,,,
1976-08,1976,8,,,,,,,,,,,,,,,,,,,,,,
1976-09,1976,9,,,,,,,,,,,,,,,,,,,,,,
1976-10,1976,10,,,,,,,,,,,,,,,,,,,,,,
1976-11,1976,11,,,,,,,,,,,,,,,,,,,,,,
1976-12,1976,12,,,,,,,,,,,,,,,,,,,,,,
1977-01,1977,1,,,,,,,,,,,,,,,,,,,,,,
1977-02,1977,2,,,,,,,,,,,,,,,,,,,,,,
1977-03,1977,3,,,,,,,,,,,,,,,,,,,,,,
1977-04,1977,4,,,,,,,,,,,,,,,,,,,,,,
1977-05,1977,5,,,,,,,,,,,,,,,,,,,,,,
1977-06,1977,6,,,,,,,,,,,,,,,,,,,,,,
1977-07,1977,7,,,,,,,,,,,,,,,,,,,,,,
1977-08,1977,8,,,,,,,,,,,,,,,,,,,,,,
1977-09,1977,9,,,,,,,,,,,,,,,,,,,,,,
1977-10,1977,10,,,,,,,,,,,,,,,,,,,,,,
1977-11,1977,11,,,,,,,,,,,,,,,,,,,,,,
1977-12,1977,12,,,,,,,,,,,,,,,,,,,,,,
1978-01,1978,1,,,,,,,,,,,,,,,,,,,,,,
1978-02,1978,2,,,,,,,,,,,,,,,,,,,,,,
1978-03,1978,3,,,,,,,,,,,,,,,,,,,,,,
1978-04,1978,4,,,,,,,,,,,,,,,,,,,,,,
1978-05,1978,5,,,,,,,,,,,,,,,,,,,,,,
1978-06,1978,6,,,,,,,,,,,,,,,,,,,,,,
1978-07,1978,7,,,,,,,,,,,,,,,,,,,,,,
1978-08,1978,8,,,,,,,,,,,,,,,,,,,,,,
1978-09,1978,9,,,,,,,,,,,,,,,,,,,,,,
1978-10,1978,10,,,,,,,,,,,,,,,,,,,,,,
1978-11,1978,11,,,,,,,,,,,,,,,,,,,,,,
1978-12,1978,12,,,,,,,,,,,,,,,,,,,,,,
1979-01,1979,1,,,,,,,,,,,,,,,,,,,,,,
1979-02,1979,2,,,,,,,,,,,,,,,,,,,,,,
1979-03,1979,3,,,,,,,,,,,,,,,,,,,,,,
1979-04,1979,4,,,,,,,,,,,,,,,,,,,,,,
1979-05,1979,5,,,,,,,,,,,,,,,,,,,,,,
1979-06,1979,6,,,,,,,,,,,,,,,,,,,,,,
1979-07,1979,7,,,,,,,,,,,,,,,,,,,,,,
1979-08,1979,8,,,,,,,,,,,,,,,,,,,,,,
1979-09,1979,9,,,,,,,,,,,,,,,,,,,,,,
1979-10,1979,10,,,,,,,,,,,,,,,,,,,,,,
1979-11,1979,11,,,,,,,,,,,,,,,,,,,,,,
1979-12,1979,12,,,,,,,,,,,,,,,,,,,,,,
1980-01,1980,1,,,,,,,,,,,,,,,,,,,,,,
1980-02,1980,2,,,,,,,,,,,,,,,,,,,,,,
1980-03,1980,3,,,,,,,,,,,,,,,,,,,,,,
1980-04,1980,4,,,,,,,,,,,,,,,,,,,,,,
1980-05,1980,5,,,,,,,,,,,,,,,,,,,,,,
1980-06,1980,6,,,,,,,,,,,,,,,,,,,,,,
1980-07,1980,7,,,,,,,,,,,,,,,,,,,,,,
1980-08,1980,8,,,,,,,,,,,,,,,,,,,,,,
1980-09,1980,9,,,,,,,,,,,,,,,,,,,,,,
1980-10,1980,10,,,,,,,,,,,,,,,,,,,,,,
1980-11,1980,11,,,,,,,,,,,,,,,,,,,,,,
1980-12,1980,12,,,,,,,,,,,,,,,,,,,,,,
1981-01,1981,1,,,,,,,,,,,,,,,,,,,,,,
1981-02,1981,2,,,,,,,,,,,,,,,,,,,,,,
1981-03,1981,3,,,,,,,,,,,,,,,,,,,,,,
1981-04,1981,4,,,,,,,,,,,,,,,,,,,,,,
1981-05,1981,5,,,,,,,,,,,,,,,,,,,,,,
1981-06,1981,6,,,,,,,,,,,,,,,,,,,,,,
1981-07,1981,7,,,,,,,,,,,,,,,,,,,,,,
1981-08,1981,8,,,,,,,,,,,,,,,,,,,,,,
1981-09,1981,9,,,,,,,,,,,,,,,,,,,,,,
1981-10,1981,10,,,,,,,,,,,,,,,,,,,,,,
1981-11,1981,11,,,,,,,,,,,,,,,,,,,,,,
1981-12,1981,12,,,,,,,,,,,,,,,,,,,,,,
1982-01,1982,1,,,,,,,,,,,,,,,,,,,,,,
1982-02,1982,2,,,,,,,,,,,,,,,,,,,,,,
1982-03,1982,3,,,,,,,,,,,,,,,,,,,,,,
1982-04,1982,4,,,,,,,,,,,,,,,,,,,,,,
1982-05,1982,5,,,,,,,,,,,,,,,,,,,,,,
1982-06,1982,6,,,,,,,,,,,,,,,,,,,,,,
1982-07,1982,7,,,,,,,,,,,,,,,,,,,,,,
1982-08,1982,8,,,,,,,,,,,,,,,,,,,,,,
1982-09,1982,9,,,,,,,,,,,,,,,,,,,,,,
1982-10,1982,10,,,,,,,,,,,,,,,,,,,,,,
1982-11,1982,11,,,,,,,,,,,,,,,,,,,,,,
1982-12,1982,12,,,,,,,,,,,,,,,,,,,,,,
1983-01,1983,1,,,,,,,,,,,,,,,,,,,,,,
1983-02,1983,2,,,,,,,,,,,,,,,,,,,,,,
1983-03,1983,3,,,,,,,,,,,,,,,,,,,,,,
1983-04,1983,4,,,,,,,,,,,,,,,,,,,,,,
1983-05,1983,5,,,,,,,,,,,,,,,,,,,,,,
1983-06,1983,6,,,,,,,,,,,,,,,,,,,,,,
1983-07,1983,7,,,,,,,,,,,,,,,,,,,,,,
1983-08,1983,8,,,,,,,,,,,,,,,,,,,,,,
1983-09,1983,9,,,,,,,,,,,,,,,,,,,,,,
1983-10,1983,10,,,,,,,,,,,,,,,,,,,,,,
1983-11,1983,11,,,,,,,,,,,,,,,,,,,,,,
1983-12,1983,12,,,,,,,,,,,,,,,,,,,,,,
1984-01,1984,1,,,,,,,,,,,,,,,,,,,,,,
1984-02,1984,2,,,,,,,,,,,,,,,,,,,,,,
1984-03,1984,3,,,,,,,,,,,,,,,,,,,,,,
1984-04,1984,4,,,,,,,,,,,,,,,,,,,,,,
1984-05,1984,5,,,,,,,,,,,,,,,,,,,,,,
1984-06,1984,6,,,,,,,,,,,,,,,,,,,,,,
1984-07,1984,7,,,,,,,,,,,,,,,,,,,,,,
1984-08,1984,8,,,,,,,,,,,,,,,,,,,,,,
1984-09,1984,9,,,,,,,,,,,,,,,,,,,,,,
1984-10,1984,10,,,,,,,,,,,,,,,,,,,,,,
1984-11,1984,11,,,,,,,,,,,,,,,,,,,,,,
1984-12,1984,12,,,,,,,,,,,,,,,,,,,,,,
1985-01,1985,1,,,,,,,,,,,,,,,,,,,,,,
1985-02,1985,2,,,,,,,,,,,,,,,,,,,,,,
1985-03,1985,3,,,,,,,,,,,,,,,,,,,,,,
1985-04,1985,4,,,,,,,,,,,,,,,,,,,,,,
1985-05,1985,5,,,,,,,,,,,,,,,,,,,,,,
1985-06,1985,6,,,,,,,,,,,,,,,,,,,,,,
1985-07,1985,7,,,,,,,,,,,,,,,,,,,,,,
1985-08,1985,8,,,,,,,,,,,,,,,,,,,,,,
1985-09,1985,9,,,,,,,,,,,,,,,,,,,,,,
1985-10,1985,10,,,,,,,,,,,,,,,,,,,,,,
1985-11,1985,11,,,,,,,,,,,,,,,,,,,,,,
1985-12,1985,12,,,,,,,,,,,,,,,,,,,,,,
1986-01,1986,1,,,,,,,,,,,,,,,,,,,,,,
1986-02,1986,2,,,,,,,,,,,,,,,,,,,,,,
1986-03,1986,3,,,,,,,,,,,,,,,,,,,,,,
1986-04,1986,4,,,,,,,,,,,,,,,,,,,,,,
1986-05,1986,5,,,,,,,,,,,,,,,,,,,,,,
1986-06,1986,6,,,,,,,,,,,,,,,,,,,,,,
1986-07,1986,7,,,,,,,,,,,,,,,,,,,,,,
1986-08,1986,8,,,,,,,,,,,,,,,,,,,,,,
1986-09,1986,9,,,,,,,,,,,,,,,,,,,,,,
1986-10,1986,10,,,,,,,,,,,,,,,,,,,,,,
1986-11,1986,11,,,,,,,,,,,,,,,,,,,,,,
1986-12,1986,12,,,,,,,,,,,,,,,,,,,,,,
1987-01,1987,1,,,,,,,,,,,,,,,,,,,,,,
1987-02,1987,2,,,,,,,,,,,,,,,,,,,,,,
1987-03,1987,3,,,,,,,,,,,,,,,,,,,,,,
1987-04,1987,4,,,,,,,,,,,,,,,,,,,,,,
1987-05,1987,5,,,,,,,,,,,,,,,,,,,,,,
1987-06,1987,6,,,,,,,,,,,,,,,,,,,,,,
1987-07,1987,7,,,,,,,,,,,,,,,,,,,,,,
1987-08,1987,8,,,,,,,,,,,,,,,,,,,,,,
1987-09,1987,9,,,,,,,,,,,,,,,,,,,,,,
1987-10,1987,10,,,,,,,,,,,,,,,,,,,,,,
1987-11,1987,11,,,,,,,,,,,,,,,,,,,,,,
1987-12,1987,12,,,,,,,,,,,,,,,,,,,,,,
1988-01,1988,1,,,,,,,,,,,,,,,,,,,,,,
1988-02,1988,2,,,,,,,,,,,,,,,,,,,,,,
1988-03,1988,3,,,,,,,,,,,,,,,,,,,,,,
1988-04,1988,4,,,,,,,,,,,,,,,,,,,,,,
1988-05,1988,5,,,,,,,,,,,,,,,,,,,,,,
1988-06,1988,6,,,,,,,,,,,,,,,,,,,,,,
1988-07,1988,7,,,,,,,,,,,,,,,,,,,,,,
1988-08,1988,8,,,,,,,,,,,,,,,,,,,,,,
1988-09,1988,9,,,,,,,,,,,,,,,,,,,,,,
1988-10,1988,10,,,,,,,,,,,,,,,,,,,,,,
1988-11,1988,11,,,,,,,,,,,,,,,,,,,,,,
1988-12,1988,12,,,,,,,,,,,,,,,,,,,,,,
1989-01,1989,1,,,,,,,,,,,,,,,,,,,,,,
1989-02,1989,2,,,,,,,,,,,,,,,,,,,,,,
1989-03,1989,3,,,,,,,,,,,,,,,,,,,,,,
1989-04,1989,4,,,,,,,,,,,,,,,,,,,,,,
1989-05,1989,5,,,,,,,,,,,,,,,,,,,,,,
1989-06,1989,6,,,,,,,,,,,,,,,,,,,,,,
1989-07,1989,7,,,,,,,,,,,,,,,,,,,,,,
1989-08,1989,8,,,,,,,,,,,,,,,,,,,,,,
1989-09,1989,9,,,,,,,,,,,,,,,,,,,,,,
1989-10,1989,10,,,,,,,,,,,,,,,,,,,,,,
1989-11,1989,11,,,,,,,,,,,,,,,,,,,,,,
1989-12,1989,12,,,,,,,,,,,,,,,,,,,,,,
1990-01,1990,1,,,,,,,,,,,,,,,,,,,,,,
1990-02,1990,2,,,,,,,,,,,,,,,,,,,,,,
1990-03,1990,3,,,,,,,,,,,,,,,,,,,,,,
1990-04,1990,4,,,,,,,,,,,,,,,,,,,,,,
1990-05,1990,5,,,,,,,,,,,,,,,,,,,,,,
1990-06,1990,6,,,,,,,,,,,,,,,,,,,,,,
1990-07,1990,7,,,,,,,,,,,,,,,,,,,,,,
1990-08,1990,8,,,,,,,,,,,,,,,,,,,,,,
1990-09,1990,9,,,,,,,,,,,,,,,,,,,,,,
1990-10,1990,10,,,,,,,,,,,,,,,,,,,,,,
1990-11,1990,11,,,,,,,,,,,,,,,,,,,,,,
1990-12,1990,12,,,,,,,,,,,,,,,,,,,,,,
1991-01,1991,1,,,,,,,,,,,,,,,,,,,,,,
1991-02,1991,2,,,,,,,,,,,,,,,,,,,,,,
1991-03,1991,3,,,,,,,,,,,,,,,,,,,,,,
1991-04,1991,4,,,,,,,,,,,,,,,,,,,,,,
1991-05,1991,5,,,,,,,,,,,,,,,,,,,,,,
1991-06,1991,6,,,,,,,,,,,,,,,,,,,,,,
1991-07,1991,7,,,,,,,,,,,,,,,,,,,,,,
1991-08,1991,8,,,,,,,,,,,,,,,,,,,,,,
1991-09,1991,9,,,,,,,,,,,,,,,,,,,,,,
1991-10,1991,10,,,,,,,,,,,,,,,,,,,,,,
1991-11,1991,11,,,,,,,,,,,,,,,,,,,,,,
1991-12,1991,12,,,,,,,,,,,,,,,,,,,,,,
1992-01,1992,1,,,,,,,,,,,,,,,,,,,,,,
1992-02,1992,2,,,,,,,,,,,,,,,,,,,,,,
1992-03,1992,3,,,,,,,,,,,,,,,,,,,,,,
1992-04,1992,4,,,,,,,,,,,,,,,,,,,,,,
1992-05,1992,5,,,,,,,,,,,,,,,,,,,,,,
1992-06,1992,6,,,,,,,,,,,,,,,,,,,,,,
1992-07,1992,7,,,,,,,,,,,,,,,,,,,,,,
1992-08,1992,8,,,,,,,,,,,,,,,,,,,,,,
1992-09,1992,9,,,,,,,,,,,,,,,,,,,,,,
1992-10,1992,10,,,,,,,,,,,,,,,,,,,,,,
1992-11,1992,11,,,,,,,,,,,,,,,,,,,,,,
1992-12,1992,12,,,,,,,,,,,,,,,,,,,,,,
1993-01,1993,1,,M,,M,,M,,M,,M,,,,,,M,,,,,,
1993-02,1993,2,,M,,M,,M,,M,,M,,,,,,M,,,,,,
1993-03,1993,3,,M,,M,,M,,M,,M,,,,,,M,,,,,,
1993-04,1993,4,13.2,,5.4,,9.3,,21.6,,1.9,S,,,,,104.6,,,,,,,
1993-05,1993,5,18.7,,9,,13.9,,26.6,,5.9,,,,,,91,E,,,,,,
1993-06,1993,6,18.7,I,10.8,I,14.8,I,21.4,I,9.8,I,,,,,,,,,,,,
1993-07,1993,7,,M,,M,,M,,M,,M,,,,,,M,,,,,,
1993-08,1993,8,,M,,M,,M,,M,,M,,,,,,M,,,,,,
1993-09,1993,9,,M,,M,,M,,M,,M,,,,,,M,,,,,,
1993-10,1993,10,16.4,,8.2,,12.4,,21.4,,4.4,,,,,,79.4,,,,,,,
1993-11,1993,11,9.3,,1.7,,5.5,,14.1,,-7.6,,,,,,62.6,,,,,,,
1993-12,1993,12,8.8,E,2.4,E,5.6,E,14.5,E,-2.7,E,,,,,137.8,E,,,,,,
1994-01,1994,1,9.8,E,4.5,E,7.2,E,11.9,E,-1.7,E,,,,,49.4,I,,,,,,
1994-02,1994,2,7.2,,1.3,,4.3,,11.8,,-5.1,,,,,,94.6,I,,,,,,
1994-03,1994,3,12.7,,4.3,,8.5,,20.2,,-1.1,,,,,,77.8,,,,,,,
1994-04,1994,4,15.1,,7.5,,11.3,,20.3,,4.8,S,,,,,69.2,,,,,,,
1994-05,1994,5,18.7,,9.4,,14,,24.3,,4.3,,,,,,25.4,,,,,,,
1994-06,1994,6,19.1,,10.8,,15,,23.8,,6.6,,,,,,46.4,,,,,,,
1994-07,1994,7,22.9,,13,,18,,29.4,,9.9,,,,,,27,,,,,,,
1994-08,1994,8,22.8,,13.3,,18.1,,29.3,,9,,,,,,10.4,,,,,,,
1994-09,1994,9,20.1,,11.3,,15.7,,27.4,,7.9,,,,,,61.4,,,,,,,
1994-10,1994,10,14.5,,6.8,,10.7,,20.2,,3.1,,,,,,126,,,,,,,
1994-11,1994,11,8.4,,2.7,,5.6,,11.4,,-2.2,,,,,,174,,,,,,,
1994-12,1994,12,7.5,,2.1,,4.8,,12.3,,-6.8,,,,,,188.4,I,,,,,,
1995-01,1995,1,9.1,,2,,5.6,,14.2,,-4.5,,,,,,146.4,,,,,,,
1995-02,1995,2,10.1,,3,,6.6,,16.3,,-4.7,,,,,,136.2,,,,,,,
1995-03,1995,3,12,,3.8,,7.9,,19.7,,-3.6,,,,,,94.4,I,,,,,,
1995-04,1995,4,14.3,,5.9,,10.1,,21.7,,1.2,,,,,,68,,,,,,,
1995-05,1995,5,19.6,,9.5,,14.6,,27.3,,5.6,,,,,,15.2,,,,,,,
1995-06,1995,6,20.9,,12,,16.5,,29.2,S,9.2,,,,,,40.6,,,,,,,
1995-07,1995,7,22.6,,13.6,,18.1,,31.9,,9.9,,,,,,71,E,,,,,,
1995-08,1995,8,20.4,,12.2,,16.3,,25.6,,8.4,,,,,,69.6,,,,,,,
1995-09,1995,9,21.2,,11.5,,16.4,,24.9,,7.1,,,,,,23,E,,,,,,
1995-10,1995,10,14.3,,7.4,,10.9,,19.7,,-1.3,,,,,,158,,,,,,,
1995-11,1995,11,11.7,,5.7,,8.7,,17.1,,-2.9,,,,,,322.6,,,,,,,
1995-12,1995,12,8.1,,2.4,,5.3,,12.7,,-6.1,,,,,,201.4,E,,,,,,
1996-01,1996,1,5.5,,0.3,,2.9,,14.1,,-11.6,,,,,,167.6,,,,,,,
1996-02,1996,2,9.4,,1.4,,5.4,,16.2,,-8.8,,,,,,126.8,,,,,,,
1996-03,1996,3,11.5,,3.4,,7.5,,19.9,,-3.1,,,,,,68.8,,,,,,,
1996-04,1996,4,14.2,,7.5,,10.9,,22.1,,3.3,,,,,,177.8,,,,,,,
1996-05,1996,5,15.7,,7.9,,11.8,,19.2,,1.9,,,,,,112.4,,,,,,,
1996-06,1996,6,19.8,,11,,15.4,,23,S,7.3,,,,,,11.8,,,,,,,
1996-07,1996,7,22.7,,12.7,,17.8,,31.5,,8.4,,,,,,21,,,,,,,
1996-08,1996,8,22.7,,12.8,,17.8,,28,,9.4,,,,,,29.2,,,,,,,
1996-09,1996,9,17.8,,9.9,,13.9,,21.3,,5.3,,,,,,89.8,,,,,,,
1996-10,1996,10,13.7,,6.8,,10.3,,21.3,,-0.9,,,,,,232,,,,,,,
1996-11,1996,11,7.8,,2.9,,5.3,,16.2,,-5.3,,,,,,174,,,,,,,
1996-12,1996,12,4.1,,-0.7,,1.7,,10.2,,-10.6,,,,,,195.4,,,,,,,
1997-01,1997,1,7,,2,,4.5,,11.9,,-8.6,,,,,,229.8,,,,,,,
1997-02,1997,2,9.1,,2.3,,5.7,,12.6,,-3.4,,,,,,103.4,,,,,,,
1997-03,1997,3,10.6,,3.8,,7.2,,17.3,,-1.2,,,,,,203.2,,,,,,,
1997-04,1997,4,14,,5.4,,9.7,,20.7,,-1,,,,,,119.4,,,,,,,
1997-05,1997,5,19,,9.9,,14.4,,28.2,,4.6,,,,,,131.8,,,,,,,
1997-06,1997,6,19.6,,12,,15.8,,22.9,,9.5,,,,,,,,,,,,,
1997-07,1997,7,21.8,,13.2,,17.5,,27.5,,11.1,,0,,0,,70.8,,,,,,,
1997-08,1997,8,23.4,,14.2,,18.8,,28.6,,11,,,,,,44.6,,,,,,,
1997-09,1997,9,20.8,,11.7,,16.2,,26.1,,7.6,,,,,,99.6,,,,,,,
1997-10,1997,10,14.3,,7.9,,11.1,,21.6,,1,,,,,,146,,,,,,,
1997-11,1997,11,12.8,E,5.2,,9,E,17.5,,-1.1,,,,,,151,,,,,,,
1997-12,1997,12,8.8,,2.5,,5.7,,13,,-1.5,,,,,,112.4,,,,,,,
1998-01,1998,1,7.7,,2.4,,5,,14.7,,-7.6,,,,,,187.2,,,,,,,
1998-02,1998,2,11.2,,5,,8.1,,17.4,,-1.9,,,,,,56.2,,,,,,,
1998-03,1998,3,12.5,,4.9,,8.7,,17.9,,-2.2,,,,,,113.4,,,,,,,
1998-04,1998,4,15,,5.5,,10.3,,27.4,,1.2,,,,,,28.8,,,,,,,
1998-05,1998,5,17.1,,9.8,,13.4,,24.2,,3.8,,,,,,109.4,,,,,,,
1998-06,1998,6,20.1,,12.2,,16.2,,28,,9.7,,,,,,30.6,,,,,,,
1998-07,1998,7,22.7,,14.4,,18.6,,30.7,,11.5,,,,,,43.8,,,,,,,
1998-08,1998,8,23.5,,13.5,,18.5,,27.5,,10.2,,,,,,3.6,,,,,,,
1998-09,1998,9,20.3,,10.7,,15.5,,26.1,,6.4,,,,,,20.6,,,,,,,
1998-10,1998,10,14.8,,7.7,,11.3,,20.9,,1.7,,,,,,95.2,,,,,,,
1998-11,1998,11,10.6,,6.1,,8.4,,14.7,,1.9,,,,,,241,,,,,,,
1998-12,1998,12,6.8,,2,,4.4,,13.7,,-9.6,,,,,,228.8,,,,,,,
1999-01,1999,1,7.7,,3.2,,5.5,,11.4,,-2.5,,0,,0,,230.8,,,,,,,
1999-02,1999,2,8.8,,3.3,,6.1,,11.9,,0.1,,,,,,197,,,,,,,
1999-03,1999,3,10.7,,3.3,,7,,17.4,,-0.6,,,,,,98.8,,,,,,,
1999-04,1999,4,14.5,,4.5,,9.5,,22.9,,-0.1,,,,,,51.8,,,,,,,
1999-05,1999,5,15.5,,7.1,,11.3,,25.1,,1,,0,,0,,35.2,I,,,,,,
1999-06,1999,6,18.3,,11,,14.7,,26.9,,5.7,,,,,,132.4,E,,,,,,
1999-07,1999,7,20.7,,12.2,,16.5,,25.2,,9.3,,,,,,24.6,,,,,,,
1999-08,1999,8,21.6,,13.9,,17.7,,25.4,,10.7,,,,,,49.4,,,,,,,
1999-09,1999,9,20,,9.7,,14.9,,26.3,,5,,,,,,9,,,,,,,
1999-10,1999,10,14.6,,6.1,,10.4,,18.6,,2,,,,,,131.6,,,,,,,
1999-11,1999,11,11,,6,,8.5,,15.8,,0.1,,,,,,165.8,,0,,,,,
1999-12,1999,12,7.2,,2.9,,5.1,,12.5,,-1.8,,,,,,203.2,,0,,,,,
2000-01,2000,1,7.1,,1.3,,4.2,,10.9,,-2.6,,,,,,111,,,,,,,
2000-02,2000,2,9.7,,2.5,,6.1,,12.9,,-3.1,,,,,,88.2,,,,,,,
2000-03,2000,3,10.8,,4.2,,7.5,,12.7,S,-1.1,,,,,,98.2,,,,,,,
2000-04,2000,4,14.5,,6.5,,10.5,,17.9,,2.7,,,,,,44.6,,,,,,,
2000-05,2000,5,15.9,,8.2,,12,,20.6,S,2.9,,,,,,125.4,,,,,,,
2000-06,2000,6,19.9,,11.4,,15.6,,27.2,,7.3,,,,,,70.4,,0,,,,,
2000-07,2000,7,21.4,,13,,17.2,,25.9,,8.2,,,,,,41,,,,,,,
2000-08,2000,8,20.9,,12.4,,16.7,,25,,7.3,,,,,,14.8,,0,,,,,
2000-09,2000,9,18.9,,10.5,,14.7,,25.6,,4,,,,,,59.6,,,,,,,
2000-10,2000,10,15,,7,,11,,22.1,,3,,,,,,90.6,,,,,,,
2000-11,2000,11,9.6,,2.7,,6.1,,14.1,,-3.4,,,,,,81.2,,,,,,,
2000-12,2000,12,6.9,,0.9,,3.9,,11,,-4.6,,,,,,124.6,,,,,,,
2001-01,2001,1,8.8,,2.8,,5.8,,11.9,,-3.3,,,,,,102.4,,,,,,,
2001-02,2001,2,8.8,,0.5,,4.6,,12.9,,-3.7,,,,,,29.6,,,,,,,
2001-03,2001,3,11.2,,3.8,,7.6,,15.4,,-0.4,,,,,,111.6,,,,,,,
2001-04,2001,4,13.7,,5.3,,9.5,,21.9,,0.3,,,,,,83.4,,,,,,,
2001-05,2001,5,16.5,,8.5,,12.5,,24.1,,2.9,,,,,,,,,,,,,
2001-06,2001,6,18.2,,10.4,,14.3,,23.6,,8.3,S,,,,,71.4,,,,,,,
2001-07,2001,7,20.7,,12.3,,16.5,,25.1,,9.5,,,,,,28.4,,,,,,,
2001-08,2001,8,21.5,,13.4,,17.5,,29.7,,10.7,,,,,,72,,,,,,,
2001-09,2001,9,18.7,,11.2,,15,,21.7,,8.2,S,,,,,46.4,,,,,,,
2001-10,2001,10,13.9,,7.6,,10.8,,23.8,,3.4,,,,,,130,,,,,,,
2001-11,2001,11,11.3,,5.6,,8.5,,17.9,,0.7,,,,,,148.6,,,,,,,
2001-12,2001,12,7.9,,2.2,,5.1,,10.7,,-1.8,,,,,,180.4,,,,,,,
2002-01,2002,1,7.2,,2.7,,5,,13.9,,-5.7,,,,,,153.6,E,,,,,,
2002-02,2002,2,8.8,,2.4,,5.7,,13.1,,-2.4,,,,,,131.4,,,,,,,
2002-03,2002,3,7.8,,1.3,,4.6,,12.8,,-5.8,,,,,,64.2,,,,,,,
2002-04,2002,4,13.3,,5.5,,9.5,,23.1,,0.5,,,,,,79.8,,,,,,,
2002-05,2002,5,15.7,,7.9,,11.8,,21.7,,1.7,,,,,,25,I,,,,,,
2002-06,2002,6,20.4,,11.9,,16.2,,30.7,,7.9,,,,,,,,,,,,,
2002-07,2002,7,22.1,E,13.4,,17.7,E,28.7,B,8.9,,,,,,14,,,,,,,
2002-08,2002,8,21.4,I,13.2,I,17.3,I,25.2,I,10.3,I,,,,,0.8,I,,,,,,
2002-09,2002,9,19.5,,10.4,E,14.9,E,23.2,,6.7,E,,,,,41.4,,,,,,,
2002-10,2002,10,13.7,,6.5,,10.1,,18.8,,-2.1,,,,,,22,,,,,,,
2002-11,2002,11,11.9,,5.2,,8.6,,18.8,,-2.4,,,,,,129.2,,,,,,,
2002-12,2002,12,8.8,,3,,5.9,,15.2,,-1.1,,,,,,109.8,E,,,,,,
2003-01,2003,1,10.2,,4.2,,7.2,,13.8,,-0.6,,,,,,147,,,,,,,
2003-02,2003,2,9.1,,1.8,,5.4,,12.4,,-3.7,,,,,,29.4,,,,,,,
2003-03,2003,3,10.9,,5,,8,,14.7,,-2.2,,,,,,110.6,,,,,,,
2003-04,2003,4,13.6,,6.5,,10,,22.5,,1.9,,,,,,108.2,,,,,,,
2003-05,2003,5,16.8,,8.9,,12.9,,25,,3.6,,,,,,57,,,,,,,
2003-06,2003,6,21.4,,12.3,E,16.9,E,33,,8,E,,,,,16,,,,,,,
2003-07,2003,7,23.2,,13.9,,18.6,,26.2,,10.6,S,,,,,6.4,,,,,,,
2003-08,2003,8,22.5,,12.9,,17.7,,26.6,,7.6,,,,,,6.2,,,,,,,
2003-09,2003,9,20.4,,11,,15.7,,30.3,,7,,,,,,52.8,,,,,,,
2003-10,2003,10,14.9,,9.4,,12.2,,19.2,,0.6,,,,,,294.2,,,,,,,
2003-11,2003,11,9.3,,1.9,,5.6,,12.8,,-3.4,,,,,,111.4,,,,,,,
2003-12,2003,12,8.2,,2.9,,5.6,,12.6,S,-2.9,,,,,,78.4,,,,,,,
2004-01,2004,1,7.1,,2,,4.6,,12.4,,-9.9,,,,,,133.2,I,,,,,,
2004-02,2004,2,10.2,,3.4,,6.8,,14.4,,-1.7,,,,,,59.4,,,,,,,
2004-03,2004,3,12.5,,5.3,,8.9,,25.8,,1.5,,,,,,106,,,,,,,
2004-04,2004,4,16.6,,6.5,,11.6,,23.8,,1.5,,,,,,11.6,,,,,,,
2004-05,2004,5,17.7,,10.1,,13.9,,23.8,,6.4,,,,,,96.6,,,,,,,
2004-06,2004,6,21.1,,12.3,,16.7,,30.5,,8.6,,,,,,21,,,,,,,
2004-07,2004,7,23.6,,14.9,,19.2,,31.4,,11.8,,,,,,15.6,,,,,,,
2004-08,2004,8,22.5,,15,,18.7,,30.9,,13.3,S,,,,,78.6,E,,,,,,
2004-09,2004,9,17.8,,11.1,,14.5,,21.1,,7.7,,,,,,120.4,,,,,,,
2004-10,2004,10,14.4,,8,,11.2,,22.2,,2.4,,,,,,103.8,,,,,,,
2004-11,2004,11,9.8,,4.4,,7.2,,16.3,,-0.5,,,,,,246.4,,,,,,,
2004-12,2004,12,8.3,,3.5,,5.9,,12.9,,-1.2,,,,,,174.8,,,,,,,
2005-01,2005,1,7.5,,2.2,,4.9,,16.1,,-7,,,,,,210.4,,,,,,,
2005-02,2005,2,10,,0.7,,5.4,,14.6,,-3.3,,,,,,53,,,,,,,
2005-03,2005,3,13,,5.5,,9.3,,18.3,,1,,,,,,114.6,,,,,,,
2005-04,2005,4,14.8,,6.7,,10.8,,24.9,,1.1,,,,,,103.6,,,,,,,
2005-05,2005,5,18.8,,10.6,,14.7,,29,,7.3,,,,,,49,,,,,,,
2005-06,2005,6,19.1,,12.1,,15.6,,25.8,,9.5,,,,,,43.8,,,,,,,
2005-07,2005,7,21.9,,13.6,,17.8,,26,,10.6,,,,,,32.8,,,,,,,
2005-08,2005,8,22.4,E,13.6,,18,E,26,,11.1,,,,,,12.4,,,,,,,
2005-09,2005,9,18.4,,10,,14.2,,21.7,,5.1,,,,,,49.4,,,,,,,
2005-10,2005,10,14.8,,8.8,,11.8,,19.4,,4,,,,,,149,,,,,,,
2005-11,2005,11,8.4,,3.7,,6.1,,12.2,,-0.9,,,,,,121,,,,,,,
2005-12,2005,12,8,,2.4,,5.2,,15.8,,-3.3,,,,,,127.8,,,,,,,
2006-01,2006,1,9.2,,5.1,,7.2,,13.4,,2.3,,,,,,296.8,,,,,,,
2006-02,2006,2,9.1,,1.8,,5.5,,14.5,,-4.5,,,,,,44.4,,,,,,,
2006-03,2006,3,11.4,,3.8,,7.6,,16.8,,-2.2,,,,,,56.2,,,,,,,
2006-04,2006,4,13.8,,6.2,,10,,21.3,,2.3,,,,,,76.8,,,,,,,
2006-05,2006,5,17.6,,8.6,,13.2,,26.8,,2.9,,,,,,44.4,,,,,,,
2006-06,2006,6,20.4,,12.2,,16.4,,27.8,,9.1,,,,,,32.8,,,,,,,
2006-07,2006,7,22.3,,13.7,,18,,30.6,,10.3,,,,,,6.8,,,,,,,
2006-08,2006,8,21.2,,12.5,,16.9,,24.6,,10.3,,,,,,7.8,,,,,,,
2006-09,2006,9,18.9,,10.2,,14.6,,27.9,,6.5,,,,,,65,,,,,,,
2006-10,2006,10,14.2,,6.4,,10.3,,20.3,,-1.6,,,,,,61,,,,,,,
2006-11,2006,11,8.6,,3.7,,6.2,,15.3,,-10.2,,,,,,258.8,,,,,,,
2006-12,2006,12,7.9,,2.4,,5.2,,12.8,,-2,,,,,,178.6,,,,,,,
2007-01,2007,1,6.4,,0.4,,3.4,,12.2,,-9.4,,,,,,203.8,,,,,,,
2007-02,2007,2,9.3,,3.7,,6.5,,16,,-1.8,,,,,,125,,,,,,,
